Top queries,Last 3 months Clicks,Same period last year Clicks,Last 3 months Impressions,Same period last year Impressions,Last 3 months CTR,Same period last year CTR,Last 3 months Position,Same period last year Position
where to stay in palermo,63,408,3571,4903,1.76%,8.32%,8.24,5.71
where to stay palermo,15,70,574,710,2.61%,9.86%,8.3,5.56
palermo where to stay,12,63,691,551,1.74%,11.43%,7.56,4.15
we are palermo,12,9,340,389,3.53%,2.31%,1.01,1.01
best area to stay in palermo,10,103,920,1304,1.09%,7.9%,7.46,3.96
where to stay in palermo sicily,9,45,760,485,1.18%,9.28%,7.64,6.85
wearepalermo,6,0,147,86,4.08%,0%,1.01,1
palermo best area to stay,4,20,103,116,3.88%,17.24%,6.25,3.4
best place to stay in palermo,3,59,592,860,0.51%,6.86%,9.68,5.34
best area to stay in palermo sicily,3,19,349,234,0.86%,8.12%,8.74,4.22
best areas to stay in palermo,3,57,345,582,0.87%,9.79%,7.24,4.92
hotels in palermo,3,1,318,1359,0.94%,0.07%,41.81,37.68
best places to stay in palermo,3,59,206,774,1.46%,7.62%,9.96,6.11
best area to stay in palermo first time,3,22,181,214,1.66%,10.28%,7.76,3.34
best place to stay in palermo sicily,3,4,161,99,1.86%,4.04%,8.29,5.72
palermo,3,2,87,115,3.45%,1.74%,5.67,28.32
mondello,3,0,78,3,3.85%,0%,2.97,4.67
which area to stay in palermo,3,7,61,48,4.92%,14.58%,6.18,3.44
palermo hotels,2,0,500,2338,0.4%,0%,40.06,36.8
hotels in palermo sicily,2,1,263,561,0.76%,0.18%,27.39,34.29
accommodation palermo sicily,2,2,245,343,0.82%,0.58%,18.86,18.5
where to stay near palermo,2,8,155,306,1.29%,2.61%,9.27,6.46
palermo accomodation,2,0,116,67,1.72%,0%,13.06,16.01
best places to stay in palermo sicily,2,6,96,142,2.08%,4.23%,10.5,6.35
what area to stay in palermo,2,14,65,121,3.08%,11.57%,7.06,3.68
best hotels palermo,2,2,56,240,3.57%,0.83%,24.91,37.08
where to stay palermo sicily,2,7,54,98,3.7%,7.14%,9.07,5.89
staying in palermo,2,6,49,90,4.08%,6.67%,4.55,5.17
palermo best places to stay,2,4,26,87,7.69%,4.6%,10.42,5.59
palermo accommodation,1,2,1111,620,0.09%,0.32%,15.36,19.35
best neighborhoods to stay in palermo,1,10,215,89,0.47%,11.24%,7.62,3.85
palermo places to stay,1,5,202,163,0.5%,3.07%,13.37,8.37
best part of palermo to stay,1,17,124,157,0.81%,10.83%,7.31,2.48
best area to stay palermo,1,20,118,195,0.85%,10.26%,7.12,3.73
where to stay in palermo italy,1,51,102,583,0.98%,8.75%,10.03,6.39
palermo old town,1,0,92,61,1.09%,0%,17.03,26.03
safest area to stay in palermo,1,4,81,56,1.23%,7.14%,6.95,4.46
best area in palermo to stay,1,12,72,109,1.39%,11.01%,6.86,3.07
best area to stay in palermo italy,1,1,71,64,1.41%,1.56%,8.27,4.28
hotels palermo,1,0,59,266,1.69%,0%,33.32,43.46
where to stay in palermo with a car,1,4,54,61,1.85%,6.56%,9.13,6.69
palermo best place to stay,1,0,50,10,2%,0%,8.22,7.3
albergheria palermo safety,1,0,47,5,2.13%,0%,8.28,11
areas to avoid in palermo,1,0,46,43,2.17%,0%,17.39,20.26
where should i stay in palermo,1,3,44,21,2.27%,14.29%,7.07,4.62
where is the best area to stay in palermo,1,0,43,0,2.33%,0%,7.26,0
where to stay in palermo for first time,1,4,37,46,2.7%,8.7%,8.43,4.35
staying in palermo sicily,1,0,34,0,2.94%,0%,2.71,0
palerme quartier à éviter,1,0,18,0,5.56%,0%,1.89,0
where not to stay in palermo,1,0,17,23,5.88%,0%,8.94,5.61
palermo boutique hotels,1,0,10,26,10%,0%,30,38.96
palermo mondello,1,0,7,0,14.29%,0%,2.14,0
quartier palerme,1,0,6,0,16.67%,0%,3,0
palermo boende,1,0,3,0,33.33%,0%,61,0
jak dojechać z palermo do mondello,1,0,2,0,50%,0%,2,0
tourist map of palermo,1,0,2,0,50%,0%,5,0
libertà,1,0,2,0,50%,0%,8.5,0
palermo news,1,0,1,0,100%,0%,1,0
buenos aires palermo,1,0,1,0,100%,0%,2,0
mercado de ballarò palermo,1,0,1,0,100%,0%,2,0
vrbo palermo sicily,1,0,1,0,100%,0%,2,0
centre historique palerme,1,0,1,0,100%,0%,3,0
palermp,1,0,1,0,100%,0%,3,0
temperatura palermo marzec,1,0,1,0,100%,0%,3,0
map of palermo sicily,1,0,1,0,100%,0%,4,0
marcin sukiennik palermo,1,0,1,0,100%,0%,7,0
accommodation in palermo,0,0,373,527,0%,0%,15.16,21.83
best hotels in palermo,0,2,316,620,0%,0.32%,25.01,27.24
accommodation in palermo sicily,0,0,302,263,0%,0%,16.08,18.93
best apartments palermo historic center private parking,0,0,282,0,0%,0%,10.87,0
accommodation palermo,0,0,220,173,0%,0%,16.13,23.69
places to stay in palermo,0,8,145,389,0%,2.06%,19.55,7.5
hotels b&b sale palermo,0,0,145,36,0%,0%,53.62,61.67
hotel best location palermo,0,0,113,189,0%,0%,11.92,6.12
best area of palermo to stay,0,6,106,93,0%,6.45%,7.14,2.91
hotels in palermo italy,0,0,101,955,0%,0%,32.35,29.02
hotels near palermo,0,0,98,757,0%,0%,37.22,30.82
best areas to stay in palermo sicily,0,1,97,87,0%,1.15%,8.18,6.8
best location to stay in palermo,0,9,84,93,0%,9.68%,10.54,3.47
palermo to mondello beach,0,0,81,0,0%,0%,1.05,0
hotels in palermo sicily near beach,0,0,81,179,0%,0%,24.56,33.9
best place to stay palermo,0,7,75,151,0%,4.64%,8.4,5.25
palermo area,0,1,74,286,0%,0.35%,5.86,5.84
where is the best place to stay in palermo,0,3,74,71,0%,4.23%,8,4.13
hotels in palermo city center,0,2,70,110,0%,1.82%,16.31,24.24
mondello beach,0,0,69,1,0%,0%,1.71,3
is palermo safe,0,0,67,132,0%,0%,37.06,1.61
best hotel palermo,0,0,65,209,0%,0%,21.54,28.56
lodging in palermo,0,0,63,193,0%,0%,16.38,16.82
accomodation in palermo,0,0,61,17,0%,0%,12.8,10.82
best area to stay palermo sicily,0,0,60,0,0%,0%,7.78,0
palermo accommodation sicily,0,0,59,0,0%,0%,15.71,0
accomodation palermo,0,0,58,11,0%,0%,15.21,11.73
best neighborhood to stay in palermo,0,10,57,108,0%,9.26%,9.7,4.51
where is palermo,0,0,57,3,0%,0%,17.74,69.33
places to stay in palermo sicily,0,7,56,120,0%,5.83%,13.38,7.83
stay in palermo,0,0,52,100,0%,0%,6.37,8.67
best place to stay near palermo,0,0,52,40,0%,0%,9,6.75
"what are some hotels in palermo, sicily, italy?",0,0,50,0,0%,0%,1.44,0
hotels near palermo airport,0,0,50,45,0%,0%,26.5,38.89
top hotels in palermo,0,0,50,105,0%,0%,30.16,30.16
palermo sicily accommodation,0,1,49,53,0%,1.89%,15,15.72
palermo italy accommodation,0,0,49,58,0%,0%,15.39,20.95
hotels in palermo sicily italy,0,0,49,222,0%,0%,26.96,39.45
best areas to stay palermo,0,3,48,43,0%,6.98%,8.04,4.33
best places to stay near palermo,0,3,46,129,0%,2.33%,9.83,5.88
best hotels in palermo italy,0,0,46,211,0%,0%,24.28,34.54
best hotel in palermo,0,0,45,195,0%,0%,23.62,31.24
فنادق باليرمو,0,0,44,59,0%,0%,42.09,61.53
what is the best area to stay in palermo,0,3,41,49,0%,6.12%,7.07,4.67
palermo guide,0,0,39,541,0%,0%,6.49,3.83
where to stay in palermo?,0,0,39,0,0%,0%,8.1,0
accommodation sicily palermo,0,0,39,0,0%,0%,13.67,0
alojamiento en palermo,0,0,38,0,0%,0%,13.47,0
palermo hotel,0,0,37,435,0%,0%,38.49,70.21
mondello sicily,0,0,36,0,0%,0%,2.81,0
best areas to stay in palermo italy,0,0,35,0,0%,0%,8.29,0
palermo best hotels,0,0,35,112,0%,0%,20.94,22.29
guide to palermo,0,0,34,104,0%,0%,8.65,4.84
ain khudra الفنادق الموجودة بالقرب من,0,0,33,0,0%,0%,28.97,0
where to stay in sicily,0,0,33,87,0%,0%,73.15,57.72
"what hotels are available in palermo, sicily, italy?",0,0,32,0,0%,0%,1,0
palermo best areas to stay,0,0,32,0,0%,0%,6.78,0
places to stay in palermo italy,0,3,32,179,0%,1.68%,12.53,8.37
places to stay palermo,0,1,31,109,0%,0.92%,12.74,8.78
hotel in palermo,0,0,31,284,0%,0%,44.77,50.14
best places to stay in palermo italy,0,5,30,84,0%,5.95%,11.53,6.71
palermo sicily where to stay,0,0,29,1,0%,0%,6.76,12
hotel near palermo airport,0,0,29,21,0%,0%,22.14,41.38
where to stay in palermo old town,0,11,28,80,0%,13.75%,3.96,3.85
where to stay in palmero,0,0,28,8,0%,0%,6.93,7.25
palermo lodging,0,0,28,88,0%,0%,21.68,19.95
best hotels in palermo sicily,0,4,28,191,0%,2.09%,35.04,35.3
hotel palermo,0,0,28,13,0%,0%,51.71,44.92
best place to stay in palermo italy,0,0,25,69,0%,0%,9.72,5.94
where to sleep in palermo,0,1,25,32,0%,3.12%,9.8,4.72
best areas to stay in palermo sicily neighborhoods,0,0,25,0,0%,0%,10.96,0
where to stay near palermo airport,0,0,25,17,0%,0%,11.76,19.71
hotels palermo sicily,0,1,25,185,0%,0.54%,30.2,36.28
palermo italy hotels,0,0,24,334,0%,0%,31.21,26.67
best place to stay in sicily,0,0,24,47,0%,0%,75.33,58.02
best places to stay near palermo sicily,0,2,23,27,0%,7.41%,12.74,8.63
where to stay in palermo near beach,0,12,23,263,0%,4.56%,14.48,5.93
luxury hotel palermo,0,0,23,50,0%,0%,26.91,60.9
palermo sicily hotels,0,0,23,269,0%,0%,29.87,26.95
best palermo hotels,0,0,23,80,0%,0%,31.26,29.99
best apartments palermo old town with private parking,0,0,22,0,0%,0%,11,0
best places to stay palermo,0,7,22,216,0%,3.24%,12.09,6.18
accommodation palermo italy,0,0,22,18,0%,0%,15.82,28.94
best hotels palermo italy,0,0,22,42,0%,0%,27.09,29.83
hotels in sicily palermo,0,0,22,90,0%,0%,29.64,40.81
old town palermo sicily,0,0,22,20,0%,0%,48.27,24.3
5 star hotels in palermo,0,0,22,6,0%,0%,51.64,45.5
hotel mejor ubicacion palermo,0,0,21,94,0%,0%,14,26.55
5 star hotels in palermo sicily,0,0,20,33,0%,0%,51.25,56.91
palermo holiday guide,0,0,19,2,0%,0%,8,5
mejor zona de palermo para alojarse,0,0,19,8,0%,0%,8.32,8.62
mejor zona para alojarse en palermo sicilia,0,0,19,7,0%,0%,8.32,8.86
best hotel near palermo airport,0,0,19,70,0%,0%,19.32,38.71
palermo travel guide,0,0,18,396,0%,0%,8.06,6.77
best hotel in palermo sicily,0,0,18,56,0%,0%,33.89,38.05
mercure palermo centro location,0,0,17,0,0%,0%,9.65,0
hotels near palermo airport sicily,0,0,17,100,0%,0%,21.94,63.74
luxury hotels palermo italy,0,0,17,65,0%,0%,25.88,56.03
old town palermo,0,2,17,41,0%,4.88%,26.06,19.85
palermo official tourism website,0,0,16,0,0%,0%,10,0
palermo stay,0,1,16,25,0%,4%,13.56,9.52
lodging palermo,0,0,16,14,0%,0%,17.69,22.71
top hotels palermo,0,0,16,67,0%,0%,28.31,30.96
palermo airport hotels,0,0,16,17,0%,0%,31.75,41.71
best hotel palermo sicily,0,0,16,24,0%,0%,33.44,31.29
politeama/libertà,0,0,15,0,0%,0%,5.8,0
hotels palermo italy,0,1,15,388,0%,0.26%,33.47,28.42
is palermo italy safe,0,0,15,0,0%,0%,42,0
sicily palermo hotels,0,0,15,40,0%,0%,42.33,37.92
what part of palermo is best to stay in,0,2,14,7,0%,28.57%,7.5,2.57
what is the best area to stay in palermo sicily,0,0,14,0,0%,0%,7.86,0
palermo sicily travel guide,0,0,14,16,0%,0%,9.43,6.5
donde alojarse en palermo sicilia,0,0,14,7,0%,0%,9.57,7.86
hotels palermo centro storico,0,0,14,0,0%,0%,10.36,0
luxury hotels in palermo,0,0,14,20,0%,0%,23.64,60.75
palermo luxury hotels,0,0,14,39,0%,0%,23.86,52.64
donde alojarse en palermo,0,0,13,18,0%,0%,8.46,7.17
palermo best neighborhood to stay,0,0,13,7,0%,0%,8.85,4.57
boutique hotels in palermo sicily,0,0,13,15,0%,0%,38.92,58.53
where should i stay in palermo with a view and spa,0,0,12,0,0%,0%,1.17,0
недорогие отели в палермо,0,0,12,0,0%,0%,6.42,0
palermo city guide,0,0,12,81,0%,0%,7.33,4.19
best hotels in centro storico palermo sicily,0,0,12,0,0%,0%,9.92,0
where to stay near palermo sicily,0,1,12,19,0%,5.26%,11.75,7.26
"houses for lodging in palermo, sicily, italy",0,0,12,0,0%,0%,14.33,0
accommodation in palermo italy,0,0,12,5,0%,0%,14.42,25.6
best hotel in palermo italy,0,0,12,45,0%,0%,27.42,29.76
luxury hotels in palermo sicily,0,0,12,90,0%,0%,32.5,56.44
palermo hotels sicily,0,0,12,139,0%,0%,38.83,27.43
โรงแรม ที่ ชิงโง,0,0,12,0,0%,0%,43.25,0
"what are the best hotels in palermo, sicily, italy?",0,0,11,0,0%,0%,1,0
mondello beach from palermo,0,0,11,0,0%,0%,1.09,0
accommodation palermo near forum palermo ev charging,0,0,11,0,0%,0%,2.18,0
palermo gefährliche viertel,0,0,11,0,0%,0%,2.27,0
politeama,0,0,11,0,0%,0%,3.36,0
"accommodation near palermo-catania highway entrance nature sicily historic 
center",0,0,11,0,0%,0%,10.09,0
centro storico palermo hotels,0,0,11,0,0%,0%,11.09,0
alojamiento en palermo italia,0,0,11,0,0%,0%,12,0
palermo booking.com,0,0,11,8,0%,0%,12.36,10.5
hotel palermo sicily,0,0,11,49,0%,0%,20.45,29.1
palermo location,0,0,11,42,0%,0%,21.73,17.14
гостиницы в палермо в италии,0,0,10,0,0%,0%,5.7,0
хостелы палермо,0,0,10,0,0%,0%,8.8,0
best area to stay in sicily,0,0,10,46,0%,0%,43.1,43.72
things to do in mondello sicily,0,0,9,0,0%,0%,1.22,0
area palermo,0,0,9,7,0%,0%,5.89,14
отели на сицилии палермо,0,0,9,0,0%,0%,6.56,0
palermo italy travel guide,0,0,9,3,0%,0%,10.89,10.33
donde hospedarse en palermo sicilia,0,0,9,0,0%,0%,11,0
palermo tour guide,0,0,9,22,0%,0%,11,8.41
top hotels in palermo italy,0,0,9,19,0%,0%,12.89,28.26
palermo stays,0,0,9,6,0%,0%,13,17.5
places to stay palermo italy,0,0,9,0,0%,0%,13.67,0
best hotels palermo sicily,0,0,9,34,0%,0%,29.89,38.82
hotels sicily palermo,0,0,9,55,0%,0%,32,53.25
sicily hotels palermo,0,0,9,84,0%,0%,43.44,37.06
alojamento na palermo,0,0,9,7,0%,0%,44.22,52.57
5 star hotels in palermo italy,0,0,9,32,0%,0%,57.33,90.5
dove dormire a palermo,0,0,9,36,0%,0%,58.56,95.31
mondello to palermo,0,0,8,1,0%,0%,1.75,2
mondello sicile,0,0,8,0,0%,0%,3,0
отели в палермо италия,0,0,8,0,0%,0%,5.25,0
where is best to stay in palermo,0,2,8,27,0%,7.41%,7.12,4.07
palermo where is it,0,0,8,1,0%,0%,9.12,5
places to stay near palermo,0,0,8,59,0%,0%,9.38,8.69
is palermo safe at night,0,0,8,12,0%,0%,9.62,20.17
politeama area palermo,0,0,8,1,0%,0%,9.88,8
stay in palermo centre,0,0,8,0,0%,0%,17.5,0
hotels near palermo italy,0,0,8,0,0%,0%,23.75,0
hotel palermo city centre,0,0,8,0,0%,0%,29.38,0
boutique hotel palermo sicily,0,0,8,12,0%,0%,39.88,3.92
ที่พักย่านdowntown เปโตรลินา,0,0,8,0,0%,0%,40.12,0
hotels b&b sale sicily,0,0,8,0,0%,0%,72.62,0
mondello beach to palermo,0,0,7,0,0%,0%,1,0
var ska man bo i palermo,0,0,7,0,0%,0%,1.57,0
palermo italy,0,1,7,11,0%,9.09%,2.29,2.91
palermo city information,0,0,7,0,0%,0%,6.57,0
best areas to stay in palermo sicily for tourists,0,0,7,0,0%,0%,10,0
best places to stay palermo sicily,0,0,7,0,0%,0%,16.14,0
hotel in palermo italy,0,0,7,62,0%,0%,27.14,26.9
luxury hotels palermo sicily,0,0,7,24,0%,0%,31.86,50.96
palermo hotels italy,0,0,7,88,0%,0%,36.14,24.58
hotel by palermo,0,0,7,0,0%,0%,39.29,0
hotel palermo italy,0,0,7,49,0%,0%,44.86,33.29
palermo apartments,0,0,6,0,0%,0%,1,0
things to do in mondello,0,0,6,0,0%,0%,1,0
kalsa palermo safety,0,0,6,1,0%,0%,2.5,2
"vacation rentals in palermo, sicily, italy",0,0,6,0,0%,0%,3.33,0
palermo airport hotel,0,0,6,65,0%,0%,3.5,51.68
mondello palermo,0,0,6,0,0%,0%,3.83,0
отели в палермо сицилия,0,0,6,0,0%,0%,7.67,0
palermo city center,0,0,6,25,0%,0%,8.33,12.96
where to stay in palermo reddit,0,0,6,5,0%,0%,11.17,17
palermo italy lodging,0,0,6,4,0%,0%,18.33,21.25
downtown palermo,0,0,6,69,0%,0%,20.17,10.1
palermo top hotels,0,0,6,10,0%,0%,27.67,30.6
best hotels in palermo old town,0,0,6,0,0%,0%,28.67,0
palermo sicily best hotels,0,0,6,14,0%,0%,30.83,29.5
luxury hotels palermo,0,0,6,19,0%,0%,31.5,46.11
โรงแรมย่านdowntown เปโตรลินา ราคาถูก,0,0,6,0,0%,0%,31.5,0
ที่พักแถวdowntown เปโตรลินา,0,0,6,0,0%,0%,35,0
hotels near palermo sicily,0,0,6,21,0%,0%,36.33,38.86
where to stay in palermo buenos aires,0,0,6,17,0%,0%,68.17,60.88
dove soggiornare a palermo,0,0,6,0,0%,0%,69.17,0
palermo family hotels,0,0,5,0,0%,0%,1,0
holidays to mondello sicily,0,0,5,0,0%,0%,1.8,0
best areas in palermo,0,0,5,34,0%,0%,2.8,5.56
historic center palermo,0,0,5,0,0%,0%,5.2,0
where's palermo,0,0,5,1,0%,0%,5.2,52
"best area to stay in palermo, sicily",0,0,5,0,0%,0%,7,0
palermo website,0,0,5,32,0%,0%,9.6,6.09
apartments palermo sicily,0,0,5,8,0%,0%,10.4,80.25
"hotels in palermo historical center, palermo, sicily, italy",0,0,5,0,0%,0%,14.6,0
palermo nerede,0,0,5,14,0%,0%,20.4,22.93
palermo areas,0,0,5,2,0%,0%,20.8,3
palermo hotels 5 star,0,0,5,5,0%,0%,30.6,51.8
โรงแรมใกล้ดูชานเบ cathedral ราคาถูก,0,0,5,0,0%,0%,30.6,0
luxury hotel palermo sicily,0,0,5,18,0%,0%,32.6,55.89
โรงแรมใกล้ดูชานเบ old town,0,0,5,0,0%,0%,33.2,0
best hotels to stay in palermo sicily,0,0,5,36,0%,0%,38.4,12.08
boende palermo,0,0,5,25,0%,0%,38.6,55.76
best hostels in palermo,0,0,5,2,0%,0%,46,82.5
ที่พักใกล้ดูชานเบ cathedral,0,0,5,0,0%,0%,47.8,0
hotels near palermo italy airport,0,0,5,16,0%,0%,54.2,50.75
best place to live in sicily,0,0,5,1,0%,0%,55,52
luxury hotels in palermo italy,0,0,5,16,0%,0%,57.8,77.56
five star hotels in palermo sicily,0,0,5,31,0%,0%,59.6,86.16
luxury hotel in palermo sicily,0,0,5,12,0%,0%,75.6,71.58
is mondello worth visiting,0,0,4,0,0%,0%,1,0
palermo crime rate,0,0,4,1,0%,0%,1,60
palermo furnished apartments for rent,0,0,4,0,0%,0%,1,0
palermo rentals,0,0,4,0,0%,0%,1,0
what to do in mondello,0,0,4,0,0%,0%,1,0
les quartiers de palerme,0,0,4,0,0%,0%,2,0
meilleur quartier palerme,0,0,4,0,0%,0%,2.25,0
palerme quartiers,0,0,4,0,0%,0%,2.25,0
palermo apartments for rent,0,0,4,0,0%,0%,2.25,0
airbnb palermo,0,0,4,0,0%,0%,2.5,0
hotel aeroporto palermo,0,0,4,0,0%,0%,2.5,0
politeama / libertà,0,0,4,0,0%,0%,2.75,0
airbnb in palermo,0,0,4,0,0%,0%,3,0
mondello beach palermo,0,0,4,0,0%,0%,3.25,0
отели палермо сицилия,0,0,4,0,0%,0%,3.25,0
палермо,0,0,4,0,0%,0%,3.25,0
mercure palermo centro,0,0,4,3,0%,0%,3.5,6.33
отели в палермо,0,0,4,0,0%,0%,4,0
is kalsa palermo safe,0,1,4,2,0%,50%,5.5,2
best neighborhoods to stay in palermo sicily for tourists,0,0,4,0,0%,0%,9.25,0
alojamiento palermo italia,0,0,4,0,0%,0%,9.5,0
hotels in centro storico palermo,0,0,4,0,0%,0%,10.5,0
best hotels in centro storico palermo,0,0,4,0,0%,0%,11,0
tripadvisor palermo hotels,0,0,4,7,0%,0%,12,9.29
where to stay in sicily for nightlife,0,0,4,16,0%,0%,12.5,37.5
palermo hotel recommendations,0,0,4,16,0%,0%,13.5,2.56
hotels palmero,0,0,4,5,0%,0%,13.75,27.4
palmero city,0,0,4,0,0%,0%,13.75,0
palermo italy hotels on the beach,0,0,4,62,0%,0%,19,68.74
best hotels near palermo,0,1,4,25,0%,4%,19.25,25.96
hotel buena ubicacion palermo,0,0,4,7,0%,0%,22.25,27.86
hotels in palmero,0,0,4,0,0%,0%,24.75,0
palermo town,0,0,4,1,0%,0%,24.75,48
palermo sicily hotel,0,0,4,129,0%,0%,25,36.95
hotel in palermo with day use,0,0,4,0,0%,0%,25.75,0
4 star hotel for a business stay in palermo,0,0,4,0,0%,0%,26.25,0
best hotels near palermo airport,0,0,4,14,0%,0%,28.25,36.36
palermo motel,0,0,4,0,0%,0%,30.75,0
cheap hotels in palermo italy,0,0,4,25,0%,0%,32.5,80.68
palermo italy hotel,0,0,4,38,0%,0%,34.5,42.11
hotel near palermo,0,0,4,1,0%,0%,34.75,49
ที่พักย่านdowntown มาร์ เดล ปลาตา,0,0,4,0,0%,0%,36.75,0
palermo how long to stay,0,0,4,0,0%,0%,37.25,0
best area to stay in sicily italy,0,0,4,19,0%,0%,40.25,47.63
hotels close to palermo airport,0,0,4,41,0%,0%,46.5,61.27
hotels near palermo sicily airport,0,0,4,0,0%,0%,50.5,0
boutique hotels palermo sicily,0,0,4,24,0%,0%,52.5,55.62
palermo hotels near airport,0,0,4,81,0%,0%,52.5,46.59
palerme hotels,0,0,4,10,0%,0%,53,63.6
ที่พักแถวdowntown มากาปา,0,0,4,0,0%,0%,53,0
palermo dove dormire,0,0,4,44,0%,0%,54.75,82.86
the best palermo,0,0,4,0,0%,0%,66.5,0
historical centre of palermo,0,0,4,0,0%,0%,72.5,0
best hotels in palermo buenos aires,0,0,4,15,0%,0%,73.75,50.6
best place to stay in sicily italy,0,0,4,19,0%,0%,81.75,70
palermo nightlife,0,0,4,0,0%,0%,81.75,0
cheap hotels in palermo,0,0,4,29,0%,0%,87.75,78.69
what to do in mondello sicily,0,0,3,0,0%,0%,1,0
hilton palermo sicily,0,0,3,1,0%,0%,1.67,2
palco rooms & suites,0,0,3,0,0%,0%,1.67,0
quartier de palerme,0,0,3,0,0%,0%,2,0
wo ist es in palermo am schönsten,0,0,3,0,0%,0%,2,0
airbnb palermo sicily,0,0,3,0,0%,0%,2.33,0
palermo buenos aires,0,0,3,1,0%,0%,2.67,3
palermo italia,0,0,3,0,0%,0%,2.67,0
ballaro palermo,0,0,3,0,0%,0%,3,0
palermo dzielnice,0,0,3,0,0%,0%,3,0
palermo pogoda,0,0,3,0,0%,0%,4.33,0
palermo wo übernachten,0,0,3,0,0%,0%,4.67,0
mejor zona para alojarse en palermo,0,1,3,10,0%,10%,6,27.4
apartments for rent palermo sicily italy,0,0,3,0,0%,0%,6.33,0
"""palermo in suite aparthotel""",0,0,3,0,0%,0%,6.67,0
hotel porta felice palermo reviews,0,0,3,0,0%,0%,6.67,0
palerme quartier dangereux,0,0,3,0,0%,0%,6.67,0
areas of palermo,0,0,3,0,0%,0%,7.67,0
best neighborhoods to stay in palermo sicily,0,0,3,0,0%,0%,7.67,0
booking.com palermo,0,0,3,0,0%,0%,8,0
rental palermo,0,0,3,0,0%,0%,8.33,0
кемпинги палермо,0,0,3,0,0%,0%,8.33,0
palermo visit guide,0,0,3,5,0%,0%,10.33,6.2
best areas to stay palermo sicily neighborhoods,0,0,3,0,0%,0%,11,0
hotels near palermo centrale station,0,0,3,0,0%,0%,11,0
alojamientos en palermo sicilia,0,0,3,0,0%,0%,11.33,0
palermo accommodations,0,0,3,31,0%,0%,11.33,16.61
politeama liberta palermo,0,0,3,0,0%,0%,11.67,0
hotel politeama palermo,0,0,3,0,0%,0%,12,0
palermo best hotel,0,0,3,31,0%,0%,12.67,26.58
palermo hotel สามย่าน,0,0,3,0,0%,0%,13.67,0
hotel city center palermo,0,0,3,106,0%,0%,14.67,37.75
hotel near palermo airport italy,0,0,3,22,0%,0%,17,70.23
hotel in palermo sicily,0,0,3,44,0%,0%,21.67,38.36
best boutique hotels in palermo sicily,0,0,3,0,0%,0%,26.33,0
palermo center,0,0,3,2,0%,0%,34.33,61.5
best boutique hotels in palermo,0,0,3,0,0%,0%,35.33,0
palermo hotels 5-star,0,0,3,3,0%,0%,37.33,52.67
palermo oteller,0,0,3,1,0%,0%,38,45
hotel near palermo sicily,0,0,3,0,0%,0%,40,0
hotel a palermo,0,0,3,31,0%,0%,42.33,51.97
ที่พักย่านdowntown มากาปา,0,0,3,0,0%,0%,49.67,0
palermo sicily nightlife,0,0,3,0,0%,0%,51.67,0
hotels palermo airport,0,0,3,23,0%,0%,54.33,56.57
palermo italy resorts,0,0,3,59,0%,0%,55,46.08
best areas to stay in sicily,0,0,3,22,0%,0%,60,49.95
best luxury hotels in palermo sicily,0,0,3,6,0%,0%,66,51.33
best places to stay in sicily,0,0,3,93,0%,0%,66.33,61.19
dove alloggiare palermo,0,0,3,1,0%,0%,66.67,100
palermo hotel sicily,0,0,3,28,0%,0%,68.33,36.25
palermo dove alloggiare,0,0,3,0,0%,0%,74.67,0
palermo vacations,0,0,3,12,0%,0%,76.67,61
best place to stay sicily,0,0,3,22,0%,0%,80,65.5
where to live in sicily,0,0,3,0,0%,0%,88.67,0
vacation rentals in palermo sicily,0,0,3,0,0%,0%,89,0
marriott palermo,0,0,2,0,0%,0%,1,0
mondello things to do,0,0,2,0,0%,0%,1,0
palermo districts,0,0,2,10,0%,0%,1,1
palermo gdzie najlepiej nocować,0,0,2,0,0%,0%,1,0
what to see in mondello,0,0,2,0,0%,0%,1,0
how far is mondello from palermo,0,0,2,0,0%,0%,1.5,0
ja,0,0,2,0,0%,0%,1.5,0
wijken palermo,0,0,2,0,0%,0%,1.5,0
de bellini apartments palermo,0,0,2,0,0%,0%,2,0
distance from palermo to mondello beach,0,0,2,0,0%,0%,2,0
modern apartments in palermo,0,0,2,0,0%,0%,2,0
palermo dangerous areas,0,0,2,2,0%,0%,2,6
palermo sehenswürdigkeiten karte,0,0,2,0,0%,0%,2,0
palermo to mondello bus time,0,0,2,0,0%,0%,2,0
quartier a eviter a palerme,0,0,2,0,0%,0%,2,0
villa igiea palermo hotel,0,0,2,9,0%,0%,2,3.11
best hotels in palermo sicily tripadvisor,0,0,2,0,0%,0%,2.5,0
la kalsa palermo,0,0,2,3,0%,0%,2.5,14.33
palerme,0,0,2,0,0%,0%,2.5,0
palermo sicily,0,0,2,2,0%,0%,2.5,3
palermo to mondello,0,0,2,2,0%,0%,2.5,2
quartiers palerme,0,0,2,0,0%,0%,2.5,0
que ver en palermo,0,0,2,0,0%,0%,2.5,0
barrios de palermo sicilia,0,0,2,0,0%,0%,3,0
beaches near palermo,0,0,2,0,0%,0%,3,0
kapuzinergruft palermo,0,0,2,0,0%,0%,3,0
mondello italy,0,0,2,0,0%,0%,3,0
mondello palerme,0,0,2,0,0%,0%,3,0
nice beaches near palermo,0,0,2,0,0%,0%,3,0
palermo chico mapa,0,0,2,0,0%,0%,3,0
palermo habitantes,0,0,2,0,0%,0%,3,0
palermo soho,0,0,2,0,0%,0%,3,0
palermo stadtteile meiden,0,0,2,0,0%,0%,3,0
palermo strand,0,0,2,0,0%,0%,3,0
монделло,0,0,2,0,0%,0%,3,0
"""quattro canti apartments"" palermo",0,0,2,0,0%,0%,3.5,0
barrio de palermo,0,0,2,0,0%,0%,3.5,0
palermo guide book,0,0,2,26,0%,0%,3.5,6.12
where to stay in palermo safe,0,0,2,0,0%,0%,3.5,0
hotel ucciardhome palermo,0,0,2,0,0%,0%,4,0
hotels in mondello sicily,0,0,2,0,0%,0%,4,0
houses for lodging palermo sicily italy,0,0,2,0,0%,0%,4,0
mercure palermo centro reviews,0,0,2,0,0%,0%,4,0
moze,0,0,2,0,0%,0%,4,0
"what hotels are available in palermo historical center, palermo, sicily, 
italy?",0,0,2,0,0%,0%,4,0
mondello beach sicily,0,0,2,0,0%,0%,4.5,0
palermo sehenswürdigkeiten,0,0,2,0,0%,0%,4.5,0
wetter palermo,0,0,2,0,0%,0%,4.5,0
hotels in mondello beach palermo sicily italy,0,0,2,0,0%,0%,5,0
отели в пралормо,0,0,2,0,0%,0%,5,0
donde dormir en palermo,0,0,2,0,0%,0%,5.5,0
dove alloggiare?,0,0,2,0,0%,0%,5.5,0
grand hotel et des palmes palermo,0,0,2,8,0%,0%,5.5,5.75
palermo politeama area,0,0,2,0,0%,0%,5.5,0
"""palazzo de gregorio"" apartments palermo",0,0,2,0,0%,0%,6,0
into palermo b&b,0,0,2,0,0%,0%,6,0
palermo urlaub,0,0,2,4,0%,0%,6,10
palermo districts map,0,0,2,0,0%,0%,6.5,0
palermo official website,0,0,2,0,0%,0%,7,0
гостиницы в палермо,0,0,2,0,0%,0%,7,0
bed and breakfast palermo centro,0,0,2,0,0%,0%,8.5,0
palermo district,0,0,2,1,0%,0%,8.5,8
hotel di palermo,0,0,2,2,0%,0%,9.5,72
palermo tourist guide,0,0,2,22,0%,0%,10,5.45
location 10 palermo,0,0,2,0,0%,0%,10.5,0
palmero hotels,0,0,2,3,0%,0%,10.5,11.33
palermo safe for tourists,0,0,2,0,0%,0%,11.5,0
via maqueda,0,0,2,0,0%,0%,11.5,0
"""al massimo apartment"" palermo",0,0,2,0,0%,0%,12,0
best hotels in palermo centro storico,0,0,2,0,0%,0%,12,0
near rooms to me,0,0,2,0,0%,0%,12,0
modern new apartment in palermo,0,0,2,0,0%,0%,12.5,0
best area to stay in palermo reddit,0,0,2,0,0%,0%,13,0
hotel politeama,0,0,2,1,0%,0%,13,105
palermo cheap accommodation,0,0,2,4,0%,0%,13,64.75
trendy apartments in palermo,0,0,2,2,0%,0%,13.5,49.5
palermo central stay,0,0,2,0,0%,0%,14,0
"hotels in palermo, sicily, italy",0,0,2,0,0%,0%,15.5,0
hotels in palermo historical center palermo sicily italy,0,0,2,0,0%,0%,16,0
palermo beachfront hotels,0,0,2,16,0%,0%,19,55.19
hotel with relaxing area palermo,0,0,2,0,0%,0%,19.5,0
cheap hotels in palermo coast,0,0,2,42,0%,0%,20,59.76
palermo where,0,0,2,17,0%,0%,20.5,9.41
family apartments in palermo - by buerentals,0,0,2,0,0%,0%,21,0
hotel first palermo,0,0,2,0,0%,0%,23,0
nicest hotels in palermo,0,0,2,7,0%,0%,23.5,38
location palermo,0,0,2,3,0%,0%,24,12.33
sicily hotel palermo,0,0,2,3,0%,0%,26.5,94.67
luxury hotels near palermo,0,0,2,0,0%,0%,29,0
hotel in palermo city centre,0,0,2,0,0%,0%,30.5,0
5 star hotels palermo,0,0,2,2,0%,0%,31,33.5
top hotels in palermo sicily,0,0,2,10,0%,0%,33,21.8
โรงแรมย่านdowntown เปโตรลินา,0,0,2,0,0%,0%,34.5,0
"5 star hotels in palermo, sicily",0,0,2,0,0%,0%,38.5,0
hotels in palermo with parking,0,0,2,0,0%,0%,39,0
palermo hotels with parking,0,0,2,111,0%,0%,39,59.76
best area to stay sicily,0,0,2,5,0%,0%,39.5,37.6
palermo smještaj,0,0,2,0,0%,0%,40,0
palermo 5 star hotels,0,0,2,10,0%,0%,40.5,40.4
rooms palermo,0,0,2,0,0%,0%,41,0
where is palermo sicily,0,0,2,2,0%,0%,41.5,47.5
hotel buena ubicación en palermo,0,0,2,0,0%,0%,44.5,0
best resorts palermo,0,0,2,0,0%,0%,45,0
nightlife in palermo sicily,0,0,2,0,0%,0%,45.5,0
โรงแรมย่านdowntown มากาปา ราคาถูก,0,0,2,0,0%,0%,45.5,0
palermo city centre,0,0,2,19,0%,0%,49,28.47
"best hotels in palermo, sicily",0,0,2,0,0%,0%,51.5,0
where to stay in sicily italy,0,0,2,11,0%,0%,54.5,72.36
hotel deals palermo,0,0,2,0,0%,0%,55.5,0
living in palermo italy,0,0,2,0,0%,0%,56.5,0
palermo rooms,0,0,2,2,0%,0%,60,47.5
living in palermo,0,0,2,0,0%,0%,63,0
best hotels near palermo sicily,0,0,2,10,0%,0%,64.5,20.1
where to stay in sicily best areas,0,0,2,2,0%,0%,67.5,60.5
palermo historic center,0,0,2,0,0%,0%,69.5,0
booking com palermo,0,0,2,0,0%,0%,76.5,0
mondello beach palermo hotels,0,0,2,18,0%,0%,77,61
boutique hotels palermo italy,0,0,2,6,0%,0%,78.5,40
hotels in palermo buenos aires,0,0,2,3,0%,0%,81,3.67
palermo vacation rental,0,0,2,0,0%,0%,85,0
90144 palermo,0,0,1,0,0%,0%,1,0
a palermo,0,0,1,0,0%,0%,1,0
airbnb in palermo sicily,0,0,1,0,0%,0%,1,0
b&b a palermo,0,0,1,0,0%,0%,1,0
b&b centro palermo,0,0,1,0,0%,0%,1,0
beach in palermo,0,0,1,0,0%,0%,1,0
bed and breakfast palermo,0,0,1,0,0%,0%,1,0
"best airbnb palermo, sicily",0,0,1,1,0%,0%,1,16
best beach in palermo,0,0,1,0,0%,0%,1,0
best beach towns near palermo,0,0,1,0,0%,0%,1,0
best neighborhoods in palermo sicily,0,0,1,0,0%,0%,1,0
booking com palermo sicily,0,0,1,11,0%,0%,1,34.91
brancaccio,0,0,1,0,0%,0%,1,0
brancaccio palermo dangerous,0,0,1,0,0%,0%,1,0
buenos aires safest neighborhoods,0,0,1,0,0%,0%,1,0
casa palermo,0,0,1,0,0%,0%,1,0
coliving palermo,0,0,1,0,0%,0%,1,0
crime rate in palermo sicily,0,0,1,0,0%,0%,1,0
hilton hotel palermo,0,0,1,0,0%,0%,1,0
hilton hotel palermo sicily,0,0,1,0,0%,0%,1,0
hotel near palermo quartiere borgo vecchio,0,0,1,0,0%,0%,1,0
hotel politeama palermo maps,0,0,1,0,0%,0%,1,0
hotels near palermo airport with shuttle,0,0,1,19,0%,0%,1,38.37
idealista,0,0,1,0,0%,0%,1,0
is palermo soho safe,0,0,1,0,0%,0%,1,0
kalsa district,0,0,1,0,0%,0%,1,0
liberta palermo,0,0,1,0,0%,0%,1,0
mondello bay,0,0,1,0,0%,0%,1,0
mondello to palermo taxi cost,0,0,1,0,0%,0%,1,0
monthly rentals palermo sicily,0,0,1,0,0%,0%,1,0
nachts in palermo,0,0,1,0,0%,0%,1,0
news palermo,0,0,1,0,0%,0%,1,0
niebezpieczne dzielnice palermo,0,0,1,0,0%,0%,1,0
old town mondello sicily,0,0,1,0,0%,0%,1,0
où loger à palerme,0,0,1,0,0%,0%,1,0
palerme quartier,0,0,1,0,0%,0%,1,0
palermo b and b,0,0,1,1,0%,0%,1,16
palermo beach mondello,0,0,1,0,0%,0%,1,0
palermo beaches,0,0,1,1,0%,0%,1,2
palermo bene,0,0,1,0,0%,0%,1,0
palermo family hotel,0,0,1,2,0%,0%,1,156.5
palermo historical center,0,0,1,3,0%,0%,1,59.33
palermo italy things to do,0,0,1,0,0%,0%,1,0
palermo mare,0,0,1,0,0%,0%,1,0
palermo nightclubs,0,0,1,0,0%,0%,1,0
palermo politeama,0,0,1,0,0%,0%,1,0
palermo streets,0,0,1,1,0%,0%,1,65
palermo szállás,0,0,1,2,0%,0%,1,47.5
palermo things to do,0,0,1,0,0%,0%,1,0
palermo zone,0,0,1,0,0%,0%,1,0
pliteama,0,0,1,0,0%,0%,1,0
politeama libertà,0,0,1,0,0%,0%,1,0
politeama-libertà,0,0,1,0,0%,0%,1,0
rentals in palermo italy,0,0,1,0,0%,0%,1,0
spiaggia mondello,0,0,1,0,0%,0%,1,0
stadtteile palermo,0,0,1,0,0%,0%,1,0
taxi palermo mondello,0,0,1,0,0%,0%,1,0
things to do in palermo italy,0,0,1,0,0%,0%,1,0
ubytovanie,0,0,1,0,0%,0%,1,0
via ruggero settimo palermo,0,0,1,0,0%,0%,1,0
waar overnachten,0,0,1,0,0%,0%,1,0
zen palermo dangerous,0,0,1,0,0%,0%,1,0
διαμονή,0,0,1,0,0%,0%,1,0
είναι ασφαλής,0,0,1,0,0%,0%,1,0
adimura rooms palermo reviews,0,0,1,0,0%,0%,2,0
airport hotel palermo,0,0,1,0,0%,0%,2,0
alermo hotel,0,0,1,0,0%,0%,2,0
ano,0,0,1,0,0%,0%,2,0
casas en venta en palermo italia,0,0,1,0,0%,0%,2,0
cefalu to mondello,0,0,1,0,0%,0%,2,0
co zwiedzić w palermo,0,0,1,0,0%,0%,2,0
como ir de palermo a mondello,0,0,1,0,0%,0%,2,0
distance palerme mondello,0,0,1,0,0%,0%,2,0
el tiempo cerca de palermo,0,0,1,0,0%,0%,2,0
el tiempo palermo,0,0,1,0,0%,0%,2,0
hilton palermo,0,0,1,0,0%,0%,2,0
holidays to mondello,0,0,1,0,0%,0%,2,0
hotel palermo palermo,0,0,1,0,0%,0%,2,0
hoteles en palermo sicilia italia,0,0,1,0,0%,0%,2,0
how far is mondello beach from palermo,0,0,1,0,0%,0%,2,0
how far is mondello from palermo airport,0,0,1,0,0%,0%,2,0
idealista palermo rent,0,0,1,0,0%,0%,2,0
is palermo veilig,0,0,1,0,0%,0%,2,0
jak dojechac z palermo do mondello,0,0,1,0,0%,0%,2,0
kalsa palerme,0,0,1,0,0%,0%,2,0
kalsa palermo,0,0,1,3,0%,0%,2,4
lotnisko palermo,0,0,1,0,0%,0%,2,0
mondello beach directions,0,0,1,0,0%,0%,2,0
mondello beach palermo sandy shallow family friendly,0,0,1,0,0%,0%,2,0
mondello beach rooms,0,0,1,0,0%,0%,2,0
mondello cefalu,0,0,1,0,0%,0%,2,0
mondello italia,0,0,1,0,0%,0%,2,0
mondello jak dojechać z palermo,0,0,1,0,0%,0%,2,0
mondello palerme distance,0,0,1,0,0%,0%,2,0
mondello sicilia,0,0,1,0,0%,0%,2,0
mondello to palermo bus,0,0,1,0,0%,0%,2,0
mondelo sicilia,0,0,1,0,0%,0%,2,0
nh palermo reviews,0,0,1,0,0%,0%,2,0
nombre d'habitants à palerme,0,0,1,0,0%,0%,2,0
odległość palermo taormina,0,0,1,0,0%,0%,2,0
orto botanico palermo,0,0,1,0,0%,0%,2,0
palerme plage,0,0,1,0,0%,0%,2,0
palerme plage mondello,0,0,1,0,0%,0%,2,0
palermo apartment rental price,0,0,1,0,0%,0%,2,0
palermo castle two theaters nearby,0,0,1,0,0%,0%,2,0
palermo centrum,0,0,1,0,0%,0%,2,0
palermo czy jest bezpiecznie,0,0,1,0,0%,0%,2,0
palermo forum,0,0,1,0,0%,0%,2,0
palermo hilton,0,0,1,0,0%,0%,2,0
palermo mondello bus,0,0,1,0,0%,0%,2,0
palermo powierzchnia,0,0,1,0,0%,0%,2,0
palermo soho vs hollywood,0,0,1,0,0%,0%,2,0
palermo stadtteile karte,0,0,1,0,0%,0%,2,0
palermo taormina odległość,0,0,1,0,0%,0%,2,0
palermo to mondello bus,0,0,1,0,0%,0%,2,0
palermo to mondello driving time,0,0,1,0,0%,0%,2,0
palermo ubytovanie,0,0,1,0,0%,0%,2,0
palermo unterkunft,0,0,1,0,0%,0%,2,0
palermo wetter februar,0,0,1,0,0%,0%,2,0
palermo zonas,0,0,1,0,0%,0%,2,0
plage mondello,0,0,1,0,0%,0%,2,0
plage mondello palerme,0,0,1,0,0%,0%,2,0
quartier dangereux palerme,0,0,1,0,0%,0%,2,0
quartier de palermo,0,0,1,0,0%,0%,2,0
rentals palermo,0,0,1,0,0%,0%,2,0
secret escapes palermo,0,0,1,0,0%,0%,2,0
si,0,0,1,0,0%,0%,2,0
top 10 palermo,0,0,1,0,0%,0%,2,0
via amari,0,0,1,0,0%,0%,2,0
visiter palerme en 1 jour,0,0,1,0,0%,0%,2,0
visiter palerme en 4 jours,0,0,1,0,0%,0%,2,0
vivre a palerme,0,0,1,0,0%,0%,2,0
weather in palermo italy today,0,0,1,0,0%,0%,2,0
wheres palermo,0,0,1,0,0%,0%,2,0
zona de palermo buenos aires,0,0,1,0,0%,0%,2,0
монделло пляж,0,0,1,0,0%,0%,2,0
палермо достопримечательности,0,0,1,0,0%,0%,2,0
apartments for rent in palermo italy,0,0,1,0,0%,0%,3,0
ausgehviertel palermo,0,0,1,0,0%,0%,3,0
best neighborhoods in palermo,0,0,1,1,0%,0%,3,3
borgo vecchio palermo,0,0,1,0,0%,0%,3,0
co zobaczyc w mondello,0,0,1,0,0%,0%,3,0
deluxe apartments in palermo,0,0,1,0,0%,0%,3,0
gdzie tanio zjeść w palermo,0,0,1,0,0%,0%,3,0
hotel at palermo airport,0,0,1,1,0%,0%,3,52
hotel in mondello sicily,0,0,1,0,0%,0%,3,0
hotel porta felice photos,0,0,1,0,0%,0%,3,0
houses for rent in palermo italy,0,0,1,0,0%,0%,3,0
ile ludzi mieszka w palermo,0,0,1,0,0%,0%,3,0
imagenes de palermo,0,0,1,0,0%,0%,3,0
is palermo part of italy,0,0,1,0,0%,0%,3,0
italien palermo,0,0,1,0,0%,0%,3,0
kalsa district palermo,0,0,1,0,0%,0%,3,0
la vucciria palerme,0,0,1,0,0%,0%,3,0
lagos de palermo de noche,0,0,1,0,0%,0%,3,0
mapa palermo z atrakcjami,0,0,1,0,0%,0%,3,0
marriott hotels palermo sicily,0,0,1,0,0%,0%,3,0
mercado ballaro palermo,0,0,1,0,0%,0%,3,0
mercure palermo centro photos,0,0,1,0,0%,0%,3,0
mondello beach italy,0,0,1,0,0%,0%,3,0
mondello sicily map,0,0,1,0,0%,0%,3,0
mondello wetter,0,0,1,0,0%,0%,3,0
mondelo italy,0,0,1,0,0%,0%,3,0
monreale catedral,0,0,1,0,0%,0%,3,0
monreale italy,0,0,1,0,0%,0%,3,0
monte pellegrino palermo,0,0,1,0,0%,0%,3,0
onde se hospedar em palermo sicilia,0,0,1,0,0%,0%,3,0
palermo bs as,0,0,1,0,0%,0%,3,0
palermo clubs,0,0,1,0,0%,0%,3,0
palermo co zobaczyć w 3 dni,0,0,1,0,0%,0%,3,0
palermo en sicilia,0,0,1,0,0%,0%,3,0
palermo hollywood,0,0,1,0,0%,0%,3,0
palermo home rentals,0,0,1,0,0%,0%,3,0
palermo hotel zentrum,0,0,1,0,0%,0%,3,0
palermo italia by natalia,0,0,1,0,0%,0%,3,0
palermo pogoda luty,0,0,1,0,0%,0%,3,0
palermo sehenswürdigkeiten top 10,0,0,1,0,0%,0%,3,0
palermo smestaj,0,0,1,0,0%,0%,3,0
palermo stadtteile,0,0,1,0,0%,0%,3,0
palermo wo wohnen,0,0,1,0,0%,0%,3,0
palermo wohnung mieten,0,0,1,0,0%,0%,3,0
población de palermo,0,0,1,0,0%,0%,3,0
prowincja palermo,0,0,1,0,0%,0%,3,0
pslermo,0,0,1,0,0%,0%,3,0
quartier ballaro palerme,0,0,1,0,0%,0%,3,0
quartier kalsa palerme carte,0,0,1,0,0%,0%,3,0
quartiers de palerme,0,0,1,0,0%,0%,3,0
que ver en palermo en 3 días,0,0,1,0,0%,0%,3,0
spiaggia di mondello,0,0,1,0,0%,0%,3,0
stadswandeling palermo,0,0,1,0,0%,0%,3,0
stedentrip palermo,0,0,1,0,0%,0%,3,0
suite in center palermo,0,0,1,4,0%,0%,3,48.25
tanie loty warszawa palermo,0,0,1,0,0%,0%,3,0
villas to rent in palermo sicily,0,0,1,0,0%,0%,3,0
wo in palermo übernachten,0,0,1,1,0%,0%,3,75
wo wohnen in palermo,0,0,1,0,0%,0%,3,0
zone tranquille,0,0,1,0,0%,0%,3,0
ναι,0,0,1,0,0%,0%,3,0
палермо безопасность,0,0,1,0,0%,0%,3,0
палермо или катания,0,0,1,0,0%,0%,3,0
палермо пляжи,0,0,1,0,0%,0%,3,0
палермо что посмотреть,0,0,1,0,0%,0%,3,0
что посмотреть в палермо,0,0,1,0,0%,0%,3,0
что посмотреть в палермо за 3 дня,0,0,1,0,0%,0%,3,0
airbnb palermo italy,0,0,1,2,0%,0%,4,4.5
alma hotel palermo reviews,0,0,1,4,0%,0%,4,11
arenella palermo,0,0,1,0,0%,0%,4,0
ausflüge palermo,0,0,1,0,0%,0%,4,0
casa professa palerme,0,0,1,0,0%,0%,4,0
dzielnica zen palermo,0,0,1,0,0%,0%,4,0
guide palermo,0,0,1,22,0%,0%,4,6.18
hotel palerme centre,0,0,1,0,0%,0%,4,0
hotel porta felice & spa,0,0,1,0,0%,0%,4,0
hotel porta felice palermo,0,0,1,5,0%,0%,4,11.2
hotel villa d amato,0,0,1,0,0%,0%,4,0
la kalsa palerme,0,0,1,0,0%,0%,4,0
modern & new apartment in palermo,0,0,1,0,0%,0%,4,0
mondello centre ville,0,0,1,0,0%,0%,4,0
monte pellegrino,0,0,1,0,0%,0%,4,0
my palermo,0,0,1,0,0%,0%,4,0
open sicily homes palermo,0,0,1,0,0%,0%,4,0
palermo (buenos aires),0,0,1,0,0%,0%,4,0
palermo bezienswaardigheden,0,0,1,0,0%,0%,4,0
palermo ca,0,0,1,0,0%,0%,4,0
palermo hotel am strand,0,0,1,0,0%,0%,4,0
palermo informacje,0,0,1,0,0%,0%,4,0
palermo italy luxury hotels,0,0,1,13,0%,0%,4,64.38
palermo to favignana day trip,0,0,1,0,0%,0%,4,0
palermo vakantie,0,0,1,0,0%,0%,4,0
palermo wetter,0,0,1,0,0%,0%,4,0
palermo z dzieckiem,0,0,1,0,0%,0%,4,0
palermo погода,0,0,1,0,0%,0%,4,0
piazza marina,0,0,1,0,0%,0%,4,0
politeama palermo,0,0,1,0,0%,0%,4,0
praca palermo,0,0,1,0,0%,0%,4,0
quartier kalsa palerme,0,0,1,0,0%,0%,4,0
region palermo,0,0,1,0,0%,0%,4,0
resorts in palermo sicily,0,0,1,112,0%,0%,4,37.09
sehenswürdigkeiten palermo,0,0,1,0,0%,0%,4,0
tiempo en palermo,0,0,1,0,0%,0%,4,0
tiempo en palermo italia,0,0,1,0,0%,0%,4,0
was muss man in palermo gesehen haben,0,0,1,0,0%,0%,4,0
weer in palermo,0,0,1,0,0%,0%,4,0
wo übernachten in palermo,0,0,1,0,0%,0%,4,0
палермо погода,0,0,1,0,0%,0%,4,0
airbnb mondello palermo,0,0,1,0,0%,0%,5,0
capilla palatina de palermo,0,0,1,0,0%,0%,5,0
city center palermo,0,0,1,9,0%,0%,5,34.11
hotel palerme centre historique,0,0,1,0,0%,0%,5,0
hébergement palerme,0,0,1,0,0%,0%,5,0
iglesia martorana palermo,0,0,1,0,0%,0%,5,0
info palerme en direct,0,0,1,0,0%,0%,5,0
katedra w palermo,0,0,1,0,0%,0%,5,0
liberty hotel palermo,0,0,1,0,0%,0%,5,0
mercure palermo,0,0,1,0,0%,0%,5,0
mondello sicily restaurants,0,0,1,0,0%,0%,5,0
nh palermo,0,0,1,5,0%,0%,5,4.2
ou dormir a palerme,0,0,1,0,0%,0%,5,0
palazzo del poeta palermo,0,0,1,0,0%,0%,5,0
palermo smeštaj,0,0,1,0,0%,0%,5,0
palermo wohnung kaufen,0,0,1,0,0%,0%,5,0
politeama hotel palermo,0,0,1,0,0%,0%,5,0
pronostico palermo italia,0,0,1,0,0%,0%,5,0
where is the best place,0,0,1,0,0%,0%,5,0
where to stay in,0,0,1,0,0%,0%,5,0
wohnung in palermo kaufen,0,0,1,0,0%,0%,5,0
"""teatro massimo city center apartments"" palermo",0,0,1,0,0%,0%,6,0
ballaro guest house palermo,0,0,1,0,0%,0%,6,0
delle vittorie palermo,0,0,1,0,0%,0%,6,0
good accommodation,0,0,1,0,0%,0%,6,0
historic centre palermo,0,0,1,0,0%,0%,6,0
hotel carlo felice sassari staff reviews,0,0,1,0,0%,0%,6,0
is palermo a big city,0,0,1,0,0%,0%,6,0
mejores bares de palermo,0,0,1,0,0%,0%,6,0
office du tourisme palerme,0,0,1,0,0%,0%,6,0
best restaurants mondello sicily,0,0,1,0,0%,0%,7,0
hoteis palermo,0,0,1,0,0%,0%,7,0
hotel garibaldi palermo,0,0,1,0,0%,0%,7,0
iglesia de la martorana palermo,0,0,1,0,0%,0%,7,0
ou dormir à palerme,0,0,1,0,0%,0%,7,0
palazzo natoli boutique hotel,0,0,1,0,0%,0%,7,0
palermo in suite aparthotel,0,0,1,0,0%,0%,7,0
palermo overnachten,0,0,1,0,0%,0%,7,0
plaza mondelo,0,0,1,0,0%,0%,7,0
pogoda palermo,0,0,1,0,0%,0%,7,0
quattro canti,0,0,1,0,0%,0%,7,0
tribunali o kalsa,0,0,1,0,0%,0%,7,0
villa igiea hotel palermo,0,0,1,0,0%,0%,7,0
zone palermo,0,0,1,0,0%,0%,7,0
discover palermo,0,0,1,0,0%,0%,8,0
gerne,0,0,1,0,0%,0%,8,0
hotel vecchio borgo,0,0,1,0,0%,0%,8,0
hotel vittoria palermo,0,0,1,0,0%,0%,8,0
politeama sicily,0,0,1,0,0%,0%,8,0
restaurant palermo altstadt,0,0,1,0,0%,0%,8,0
100 дней в палермо,0,0,1,0,0%,0%,9,0
best area,0,0,1,5,0%,0%,9,72.6
best guest houses near me,0,0,1,0,0%,0%,9,0
big world small pockets sicily best places to stay,0,0,1,0,0%,0%,9,0
hospedaje palermo,0,0,1,0,0%,0%,9,0
hotel president palermo,0,0,1,0,0%,0%,9,0
i love palermo,0,0,1,0,0%,0%,9,0
is palermo safe for tourists,0,0,1,1,0%,0%,9,2
lodging in palermo sicily,0,0,1,0,0%,0%,9,0
meilleurs hôtels dans le centre historique de palerme en sicile,0,0,1,0,0%,0%,9,0
vacation rentals palermo sicily italy,0,0,1,0,0%,0%,9,0
zonas palermo,0,0,1,1,0%,0%,9,5
"""palermo in suite aparthotel"" palermo",0,0,1,0,0%,0%,10,0
albergo athenaeum palermo,0,0,1,0,0%,0%,10,0
apartments for rent palermo italy,0,0,1,0,0%,0%,10,0
best areas to stay in sicily for tourists 2025,0,0,1,0,0%,0%,10,0
best western palermo sicily,0,0,1,0,0%,0%,10,0
cyklon harry palermo,0,0,1,0,0%,0%,10,0
palermo centro storico hotels,0,0,1,0,0%,0%,10,0
palermo sicily travel guide 2026,0,0,1,0,0%,0%,10,0
travel guide palermo,0,0,1,32,0%,0%,10,7.22
palermo city trip,0,0,1,2,0%,0%,11,10
weekend getaways near me,0,0,1,0,0%,0%,11,0
zona favorita palermo,0,0,1,0,0%,0%,11,0
best place to,0,0,1,0,0%,0%,12,0
best places to stay,0,0,1,3,0%,0%,12,47.33
book palermo,0,0,1,0,0%,0%,12,0
central palermo,0,0,1,0,0%,0%,12,0
"hotels in palermo, sicily",0,0,1,0,0%,0%,12,0
"palermo, sicily",0,0,1,0,0%,0%,12,0
tourism palermo,0,0,1,0,0%,0%,12,0
what is palermo,0,0,1,4,0%,0%,12,16
отели с бассейном в палермо,0,0,1,0,0%,0%,12,0
eventos gratis hoy noche,0,0,1,0,0%,0%,13,0
"hotels in palermo, italy",0,0,1,0,0%,0%,13,0
palermo main street,0,0,1,2,0%,0%,13,2.5
politeama palerme,0,0,1,0,0%,0%,13,0
trips to palermo sicily,0,0,1,0,0%,0%,13,0
best hotels in palermo city center,0,0,1,9,0%,0%,14,11.44
brancaccio palerme,0,0,1,0,0%,0%,14,0
hotels in central palermo,0,0,1,3,0%,0%,14,40.67
palermo airport accommodation,0,0,1,8,0%,0%,14,31.75
palermo city hotels,0,0,1,0,0%,0%,14,0
hotela,0,0,1,0,0%,0%,15,0
palmero sicily,0,0,1,0,0%,0%,15,0
sve me zanima,0,0,1,0,0%,0%,15,0
hotel in palermo centro,0,0,1,0,0%,0%,16,0
hotel mejor ubicación en palermo,0,0,1,3,0%,0%,16,33.67
cheap accommodation palermo,0,0,1,3,0%,0%,17,37.67
no shade,0,0,1,0,0%,0%,17,0
alojarse en palermo,0,0,1,1,0%,0%,18,9
hotel melhor localização palermo,0,0,1,68,0%,0%,19,67.53
palermo centro storico neighborhood origin,0,0,1,0,0%,0%,19,0
city breaks palermo,0,0,1,19,0%,0%,20,85.47
liberta district palermo,0,0,1,0,0%,0%,20,0
modern & luxury apartments in palermo,0,0,1,0,0%,0%,20,0
4-star hotel in palermo with day use,0,0,1,0,0%,0%,21,0
better and better palermo,0,0,1,2,0%,0%,21,19.5
hotel day use palermo,0,0,1,0,0%,0%,21,0
palermo holiday apartments,0,0,1,7,0%,0%,21,62.86
hotels palermo sicily beach,0,0,1,12,0%,0%,23,56.42
quattro canti hotel palermo,0,0,1,0,0%,0%,23,0
mondello palace hotel,0,0,1,0,0%,0%,24,0
where to stay in palermo with kids,0,0,1,0,0%,0%,24,0
4 star hotel palermo city,0,0,1,0,0%,0%,26,0
family affair b&b palermo,0,0,1,0,0%,0%,26,0
villa igiea,0,0,1,0,0%,0%,26,0
5 star palermo hotels,0,0,1,8,0%,0%,28,89.25
is palermo sicily safe,0,0,1,0,0%,0%,28,0
palermo italy tripadvisor,0,0,1,0,0%,0%,28,0
4 star hotel offers palermo,0,0,1,0,0%,0%,29,0
luxury hotel in palermo,0,0,1,11,0%,0%,30,77.64
is palermo dangerous,0,0,1,13,0%,0%,31,3.31
is palermo a party city,0,0,1,5,0%,0%,32,15.8
luxury hotels near palermo sicily,0,0,1,0,0%,0%,32,0
5 star hotels in palermo sicily near beach,0,0,1,0,0%,0%,34,0
best area of sicily to stay,0,0,1,6,0%,0%,34,35.67
best place to stay in sicily beach,0,0,1,0,0%,0%,34,0
hotel palermo airport,0,0,1,1,0%,0%,34,47
best hotels palermo old town,0,0,1,0,0%,0%,35,0
hoteller palermo,0,0,1,0,0%,0%,35,0
where is palermo italy,0,0,1,0,0%,0%,35,0
hotel palermo deals,0,0,1,0,0%,0%,36,0
luxury hotels in palermo sicily near beach,0,0,1,0,0%,0%,39,0
โรงแรมใกล้ดูชานเบ cathedral,0,0,1,0,0%,0%,39,0
best city to stay in sicily,0,0,1,45,0%,0%,40,53.53
best areas of sicily to stay,0,0,1,0,0%,0%,41,0
palermo shopping street,0,0,1,7,0%,0%,41,62.29
palermo dangerous,0,0,1,4,0%,0%,42,1
ubytovanie palermo,0,0,1,0,0%,0%,42,0
palermo beach hotel,0,0,1,5,0%,0%,43,43.2
sicílie palermo,0,0,1,0,0%,0%,43,0
dove dormire a palermo centro,0,0,1,4,0%,0%,44,79
hotel palermo italia,0,0,1,1,0%,0%,45,40
mazzini suite palermo,0,0,1,0,0%,0%,45,0
tyre hotel palermo,0,0,1,0,0%,0%,45,0
โรงแรมแถวดูชานเบ central station,0,0,1,0,0%,0%,45,0
โรงแรมใกล้ดูชานเบ old town ราคาถูก,0,0,1,0,0%,0%,45,0
palermo hotels on the beach,0,0,1,76,0%,0%,46,37.67
palermo sicily boutique hotels,0,0,1,1,0%,0%,46,4
where is the best place to stay in sicily,0,0,1,7,0%,0%,46,52.43
palermo hotels tripadvisor,0,0,1,0,0%,0%,47,0
palermo noclegi,0,0,1,0,0%,0%,47,0
accommodation in sicily palermo,0,0,1,0,0%,0%,49,0
تعليقات حول mondello مونديلو,0,0,1,0,0%,0%,49,0
winter lullaby grand hotel,0,0,1,2,0%,0%,51,53
5-star hotels in palermo,0,0,1,0,0%,0%,53,0
dove dormire palermo,0,0,1,21,0%,0%,53,90.29
palermo cheap hotels,0,0,1,32,0%,0%,53,65.84
ที่พักแถวdowntown มาร์ เดล ปลาตา,0,0,1,0,0%,0%,53,0
hotel barato palermo,0,0,1,0,0%,0%,55,0
โรงแรมย่านdowntown มากาปา,0,0,1,0,0%,0%,55,0
where to stay sicily,0,0,1,15,0%,0%,56,59.27
best place to live in sicily italy,0,0,1,0,0%,0%,57,0
luck and magic boutique hotel,0,0,1,0,0%,0%,58,0
palermo accommodation with pool,0,0,1,9,0%,0%,58,71
โรงแรมแถวdowntown มากาปา,0,0,1,0,0%,0%,59,0
palermo italy booking,0,0,1,1,0%,0%,60,61
where is palermo in sicily,0,0,1,0,0%,0%,61,0
best places to live in sicily,0,0,1,0,0%,0%,65,0
palermo beach hotels,0,0,1,90,0%,0%,65,33.62
town of palermo maine,0,0,1,0,0%,0%,65,0
where is palermo located in italy,0,0,1,0,0%,0%,65,0
vacation palermo italy,0,0,1,0,0%,0%,66,0
cheap hotel palermo,0,0,1,24,0%,0%,67,79.58
cities near palermo,0,0,1,0,0%,0%,67,0
dormire a palermo,0,0,1,4,0%,0%,67,60.5
hotel en palermo,0,0,1,1,0%,0%,67,63
best places to live in sicily italy,0,0,1,0,0%,0%,68,0
dove alloggiare a palermo,0,0,1,0,0%,0%,68,0
where is best to stay in sicily,0,0,1,0,0%,0%,68,0
room breakfast zero palermo,0,0,1,0,0%,0%,69,0
best location to stay in sicily,0,0,1,6,0%,0%,71,47.33
hilton sicily palermo,0,0,1,0,0%,0%,71,0
palermo hotel italy,0,0,1,11,0%,0%,71,77.82
5 star hotels palermo italy,0,0,1,1,0%,0%,73,70
best hotels in buenos aires palermo,0,0,1,0,0%,0%,73,0
cheap hotel in palermo,0,0,1,5,0%,0%,74,67.2
5 star hotels palermo sicily,0,0,1,16,0%,0%,75,36.75
sicily best places to stay,0,0,1,39,0%,0%,77,59.44
alloggiare a palermo,0,0,1,0,0%,0%,79,0
guesthouse city center,0,0,1,0,0%,0%,79,0
boutique hotels sicily palermo,0,0,1,0,0%,0%,81,0
nightlife palermo,0,0,1,1,0%,0%,82,9
vacation rentals palermo sicily,0,0,1,0,0%,0%,82,0
palermo breaks,0,0,1,0,0%,0%,84,0
pick a side and stay there,0,0,1,0,0%,0%,91,0
5 star hotels palermo city centre,0,0,1,0,0%,0%,92,0
palermo italy nightlife,0,0,1,0,0%,0%,93,0
is palermo buenos aires safe,0,0,1,0,0%,0%,94,0
where can i buy a quality top under £100?,0,0,1,0,0%,0%,96,0
hostels in palermo italy,0,0,1,8,0%,0%,98,4.38
hotéis de última hora em sicily,0,0,1,5,0%,0%,99,51
best neighborhood to stay in palermo sicily,0,8,0,100,0%,8%,0,5.02
safe places to stay in palermo,0,2,0,22,0%,9.09%,0,5.91
areas to stay in palermo,0,2,0,21,0%,9.52%,0,4.19
donde hospedarse en palermo italia,0,2,0,8,0%,25%,0,7.75
palermo downtown,0,1,0,76,0%,1.32%,0,13.17
donde alojarse en palermo italia,0,1,0,13,0%,7.69%,0,9.92
stay in mondello or palermo,0,1,0,9,0%,11.11%,0,6.33
where is the centre of palermo,0,1,0,5,0%,20%,0,2.8
towns near palermo,0,1,0,2,0%,50%,0,2.5
from palermo airport to city center,0,1,0,2,0%,50%,0,7
"hotels in palermo, sicily near beach",0,1,0,2,0%,50%,0,21.5
holiday in palermo,0,1,0,2,0%,50%,0,34.5
plan de palerme centre-ville,0,1,0,1,0%,100%,0,2
weather in sicily june 2025,0,1,0,1,0%,100%,0,2
palermo resorts,0,0,0,202,0%,0%,0,47
palermo travel,0,0,0,169,0%,0%,0,7.92
weare palermo,0,0,0,150,0%,0%,0,5.78
beach hotels in palermo sicily,0,0,0,142,0%,0%,0,69.54
resorts in palermo,0,0,0,131,0%,0%,0,34.91
family affair palermo,0,0,0,123,0%,0%,0,34.44
best places to stay in sicily italy,0,0,0,123,0%,0%,0,61.34
acomodação em palermo,0,0,0,119,0%,0%,0,30.9
palermo resort,0,0,0,94,0%,0%,0,50.81
hotel liberta palermo,0,0,0,78,0%,0%,0,64.24
sleep in palermo,0,0,0,69,0%,0%,0,3.13
palermo travel blog,0,0,0,67,0%,0%,0,5.93
palermo 4 star hotels,0,0,0,67,0%,0%,0,80
palermo italy beach resorts,0,0,0,63,0%,0%,0,48.86
family hotel palermo,0,0,0,59,0%,0%,0,45.02
accommodation near palermo.,0,0,0,58,0%,0%,0,23.47
resorts near palermo sicily,0,0,0,56,0%,0%,0,38.04
palermo hipster guide,0,0,0,51,0%,0%,0,4.84
best beach hotels in palermo sicily,0,0,0,46,0%,0%,0,68.13
beach hotels near palermo sicily,0,0,0,40,0%,0%,0,67.65
hoteles con parking en palermo,0,0,0,39,0%,0%,0,53.97
palermo vacation,0,0,0,38,0%,0%,0,38.16
mondello beach accommodation,0,0,0,37,0%,0%,0,67.86
palermo hotels luxury,0,0,0,36,0%,0%,0,82.22
hotels at palermo airport,0,0,0,35,0%,0%,0,60.23
alojamento em palermo,0,0,0,33,0%,0%,0,56.97
one night in palermo,0,0,0,32,0%,0%,0,8.38
palermo sicily beach hotels,0,0,0,31,0%,0%,0,64
โรงแรม ปาแลร์โม,0,0,0,30,0%,0%,0,50.4
palermo we,0,0,0,29,0%,0%,0,2.41
resorts near palermo,0,0,0,29,0%,0%,0,39
where's palermo italy,0,0,0,27,0%,0%,0,8.26
hotels near mondello beach sicily,0,0,0,26,0%,0%,0,73.35
palermo blog,0,0,0,24,0%,0%,0,4.83
politeama palermo hoteis,0,0,0,23,0%,0%,0,57.09
palermo luxury hotel,0,0,0,22,0%,0%,0,48.23
best places to stay sicily,0,0,0,22,0%,0%,0,58.32
beach hotels palermo,0,0,0,21,0%,0%,0,36.76
palermo living unique rooms,0,0,0,21,0%,0%,0,82.19
guest house palermo,0,0,0,20,0%,0%,0,42.95
hotels palerme,0,0,0,20,0%,0%,0,48.05
palermo all inclusive resorts,0,0,0,19,0%,0%,0,31.68
3 star hotels in palermo,0,0,0,19,0%,0%,0,77.11
hotels in palermo sicily near beac,0,0,0,18,0%,0%,0,39.22
booking palermo italy,0,0,0,18,0%,0%,0,47
special place to stay,0,0,0,18,0%,0%,0,75.22
palermo weekend break,0,0,0,18,0%,0%,0,89.5
best part of sicily to stay,0,0,0,17,0%,0%,0,23.24
sicily where to stay,0,0,0,17,0%,0%,0,48.12
top places to stay in sicily,0,0,0,17,0%,0%,0,62.53
palermo sicily hotels 5 star,0,0,0,17,0%,0%,0,81
palermo hotels with shuttle,0,0,0,17,0%,0%,0,85.94
is palermo,0,0,0,16,0%,0%,0,11.69
palermo hotels near beach,0,0,0,16,0%,0%,0,54.69
palermo 5 star hotel,0,0,0,16,0%,0%,0,66.62
best hotels palermo buenos aires,0,0,0,15,0%,0%,0,44
palermo holiday rentals,0,0,0,15,0%,0%,0,46.4
best places in sicily to stay,0,0,0,15,0%,0%,0,59.73
palermo'da nerede kalınır,0,0,0,14,0%,0%,0,7.14
travel palermo,0,0,0,14,0%,0%,0,7.57
palermo tourist information,0,0,0,14,0%,0%,0,12.79
palermo italy beach hotels,0,0,0,14,0%,0%,0,65.86
hotel em palermo italia,0,0,0,14,0%,0%,0,66.43
luxury palermo hotels,0,0,0,14,0%,0%,0,67.93
best towns in sicily to stay,0,0,0,14,0%,0%,0,71.64
study vacation in palermo,0,0,0,13,0%,0%,0,18.23
is palermo expensive,0,0,0,13,0%,0%,0,27.85
city in palermo,0,0,0,13,0%,0%,0,50.77
sicily places to stay,0,0,0,13,0%,0%,0,61
palermo booking,0,0,0,13,0%,0%,0,74.31
villa igiea palermo,0,0,0,12,0%,0%,0,4.67
best cities to stay in sicily,0,0,0,12,0%,0%,0,59.75
hotels palermo sicily italy,0,0,0,11,0%,0%,0,62.82
sicily italy best places to stay,0,0,0,11,0%,0%,0,65.55
b&b palermo sicily,0,0,0,11,0%,0%,0,76.45
blog palermo,0,0,0,10,0%,0%,0,7.6
palermo culture,0,0,0,10,0%,0%,0,10
time in palermo sicily,0,0,0,10,0%,0%,0,33.3
sicily best place to stay,0,0,0,10,0%,0%,0,46.3
best region to stay in sicily,0,0,0,10,0%,0%,0,55.9
luxury hotel palermo italy,0,0,0,10,0%,0%,0,59.5
mondello beach sicily hotels,0,0,0,10,0%,0%,0,61.5
resort palermo sicily,0,0,0,10,0%,0%,0,64.2
best hotel for groups sicily,0,0,0,10,0%,0%,0,81.1
palermo sicily hotel recommendations,0,0,0,9,0%,0%,0,2
cheap hotels palermo sicily,0,0,0,9,0%,0%,0,2.22
hotel politeama palermo reviews,0,0,0,9,0%,0%,0,9.22
hotels near me,0,0,0,9,0%,0%,0,13.44
family affair hotel palermo,0,0,0,9,0%,0%,0,29.33
best hotel palermo italy,0,0,0,9,0%,0%,0,34.11
best b&b in palermo sicily,0,0,0,9,0%,0%,0,47.44
accommodation near palermo airport,0,0,0,9,0%,0%,0,53.33
best areas in sicily,0,0,0,9,0%,0%,0,57.67
palermo bars,0,0,0,9,0%,0%,0,62.22
best area to stay in sicily for beaches,0,0,0,9,0%,0%,0,72
hotel comodo palermo,0,0,0,9,0%,0%,0,73.78
παλερμο ξενοδοχεια,0,0,0,9,0%,0%,0,88.33
palermo italy hotels 5 star,0,0,0,9,0%,0%,0,89.44
palermo neighborhoods map,0,0,0,8,0%,0%,0,2.5
main street in palermo,0,0,0,8,0%,0%,0,5.62
palermo travel guide book,0,0,0,8,0%,0%,0,6.88
places to stay near palermo sicily,0,0,0,8,0%,0%,0,8
hotel near me,0,0,0,8,0%,0%,0,13.25
palermo holiday reviews,0,0,0,8,0%,0%,0,27.62
palermo tourist office,0,0,0,8,0%,0%,0,67.62
tourist office palermo,0,0,0,8,0%,0%,0,82.25
palermo sicily apartments,0,0,0,8,0%,0%,0,89.38
4 star hotels in palermo sicily,0,0,0,8,0%,0%,0,91.62
palermo blog travel,0,0,0,7,0%,0%,0,5
palermo welcome,0,0,0,7,0%,0%,0,5.57
nico barcellona,0,0,0,7,0%,0%,0,6.29
hipster palermo,0,0,0,7,0%,0%,0,9.29
tour guide palermo,0,0,0,7,0%,0%,0,9.29
top palermo hotels,0,0,0,7,0%,0%,0,12.43
palermo locations,0,0,0,7,0%,0%,0,13.29
palerme hotel,0,0,0,7,0%,0%,0,27.29
best hotels in mondello sicily,0,0,0,7,0%,0%,0,35.43
palermo beach resort,0,0,0,7,0%,0%,0,43
best town in sicily to stay,0,0,0,7,0%,0%,0,45.86
palermo five star hotels,0,0,0,7,0%,0%,0,65.57
hotel palermo booking,0,0,0,7,0%,0%,0,71
good places to stay in italy,0,0,0,7,0%,0%,0,79.86
luxury accommodations handpicked in sicily,0,0,0,7,0%,0%,0,86.57
hotel sicily palermo,0,0,0,7,0%,0%,0,90
palermo short term rentals,0,0,0,7,0%,0%,0,98
einkaufsstraße palermo,0,0,0,6,0%,0%,0,1
palermo city center map,0,0,0,6,0%,0%,0,2.33
visit palermo,0,0,0,6,0%,0%,0,3.33
hotel centro storico palermo,0,0,0,6,0%,0%,0,3.5
best hotels in palermo soho buenos aires,0,0,0,6,0%,0%,0,8
sicilian way,0,0,0,6,0%,0%,0,10.17
how long to stay in palermo,0,0,0,6,0%,0%,0,11
top-rated hotels near me,0,0,0,6,0%,0%,0,11.17
palermo is,0,0,0,6,0%,0%,0,13.83
what is a palermo,0,0,0,6,0%,0%,0,14.5
is palermo a good place to live,0,0,0,6,0%,0%,0,20.33
palermo centro,0,0,0,6,0%,0%,0,32.67
palermo size,0,0,0,6,0%,0%,0,33.83
hotels near pmo airport,0,0,0,6,0%,0%,0,46.67
cheap hotels in palermo sicily,0,0,0,6,0%,0%,0,61.33
holidays in palermo sicily,0,0,0,6,0%,0%,0,63.5
re apartments palermo,0,0,0,6,0%,0%,0,68
bed and breakfast in palermo sicily,0,0,0,6,0%,0%,0,70.83
4 star hotels palermo,0,0,0,6,0%,0%,0,85.17
trips to sicily italy,0,0,0,5,0%,0%,0,1
places in palermo,0,0,0,5,0%,0%,0,2.8
rocco forte villa igiea palermo,0,0,0,5,0%,0%,0,6
piazza cassa di risparmio palermo,0,0,0,5,0%,0%,0,7
palermo zona,0,0,0,5,0%,0%,0,7.2
welcome palermo,0,0,0,5,0%,0%,0,10.2
palermo tourism,0,0,0,5,0%,0%,0,10.4
palermo trip,0,0,0,5,0%,0%,0,10.8
palermo experiences,0,0,0,5,0%,0%,0,12
tourist information palermo,0,0,0,5,0%,0%,0,13.4
palermo i,0,0,0,5,0%,0%,0,17
all inclusive hotels palermo sicily,0,0,0,5,0%,0%,0,20.6
best beach hotels near palermo sicily,0,0,0,5,0%,0%,0,32.6
sicily best area to stay,0,0,0,5,0%,0%,0,34
palermo family holiday,0,0,0,5,0%,0%,0,43
onde ficar em palermo,0,0,0,5,0%,0%,0,43.6
time in palermo italy,0,0,0,5,0%,0%,0,45.4
best resorts in palermo,0,0,0,5,0%,0%,0,48
resort palermo,0,0,0,5,0%,0%,0,48.6
nicest part of sicily,0,0,0,5,0%,0%,0,49.6
best place to stay on sicily,0,0,0,5,0%,0%,0,51.6
palermo hotel centro storico,0,0,0,5,0%,0%,0,51.8
top hotel palermo,0,0,0,5,0%,0%,0,55.4
boutique hotels palermo,0,0,0,5,0%,0%,0,60.2
windows server palermo,0,0,0,5,0%,0%,0,65.2
5 star hotel palermo sicily,0,0,0,5,0%,0%,0,68.8
places to stay in sicily italy,0,0,0,5,0%,0%,0,69
palermo city,0,0,0,5,0%,0%,0,72
palermo accommodation tax rates,0,0,0,5,0%,0%,0,73.8
5 star hotel in palermo,0,0,0,5,0%,0%,0,85.4
where to stay sicily italy,0,0,0,5,0%,0%,0,86
palermo italy map,0,0,0,5,0%,0%,0,89
places to stay in the city,0,0,0,5,0%,0%,0,89
city breaks in palermo,0,0,0,5,0%,0%,0,93.4
five star hotel palermo,0,0,0,5,0%,0%,0,96.2
welcome to palermo,0,0,0,4,0%,0%,0,1.25
la cala palermo,0,0,0,4,0%,0%,0,2
things to do in palermo,0,0,0,4,0%,0%,0,3.25
palermo tourist map,0,0,0,4,0%,0%,0,5
palermo b&b,0,0,0,4,0%,0%,0,5.25
palermo hoteli,0,0,0,4,0%,0%,0,6.75
travel to palermo,0,0,0,4,0%,0%,0,8.25
palermo.com,0,0,0,4,0%,0%,0,8.5
palermo most conquered city,0,0,0,4,0%,0%,0,10.5
top hotels palermo sicily,0,0,0,4,0%,0%,0,11
for you palermo,0,0,0,4,0%,0%,0,15.5
where to stay in mondello sicily,0,0,0,4,0%,0%,0,19
break palermo,0,0,0,4,0%,0%,0,30.5
migliori hotel palermo,0,0,0,4,0%,0%,0,40.5
mondello sicily hotels,0,0,0,4,0%,0%,0,40.5
hotel palerme,0,0,0,4,0%,0%,0,41
best area to stay,0,0,0,4,0%,0%,0,46
map of palermo city centre,0,0,0,4,0%,0%,0,49.5
best place in sicily to stay,0,0,0,4,0%,0%,0,56.5
five star hotels palermo,0,0,0,4,0%,0%,0,59
best area in sicily to stay,0,0,0,4,0%,0%,0,62.25
hotels en palermo,0,0,0,4,0%,0%,0,68
best places to stay in sicily for couples,0,0,0,4,0%,0%,0,69
apartments palermo italy,0,0,0,4,0%,0%,0,78.5
best areas to stay,0,0,0,4,0%,0%,0,82
districts of palermo,0,0,0,3,0%,0%,0,1
is sicily italy safe,0,0,0,3,0%,0%,0,1
palermo areas to avoid,0,0,0,3,0%,0%,0,1
palermo is it safe,0,0,0,3,0%,0%,0,1
areas in palermo,0,0,0,3,0%,0%,0,2.33
palermo centre,0,0,0,3,0%,0%,0,2.33
how many days in palermo,0,0,0,3,0%,0%,0,2.67
palermo zentrum,0,0,0,3,0%,0%,0,3
porto della cala palermo,0,0,0,3,0%,0%,0,3
palermo weather,0,0,0,3,0%,0%,0,3.67
places to stay palermo sicily,0,0,0,3,0%,0%,0,4.67
hotel massimo palermo,0,0,0,3,0%,0%,0,5
safest neighborhoods in palermo,0,0,0,3,0%,0%,0,6
we are italia palermo,0,0,0,3,0%,0%,0,6.33
best hotel to stay in palermo sicily,0,0,0,3,0%,0%,0,6.67
palermo visit,0,0,0,3,0%,0%,0,6.67
palermo hipster,0,0,0,3,0%,0%,0,7.67
donde quedarse en palermo,0,0,0,3,0%,0%,0,8
palermo reviews,0,0,0,3,0%,0%,0,8
palermo travel tips,0,0,0,3,0%,0%,0,8
the sicilian way,0,0,0,3,0%,0%,0,9
where to stay in sicily near palermo,0,0,0,3,0%,0%,0,9.33
visit palermo sicily,0,0,0,3,0%,0%,0,9.67
palermo tourist map pdf,0,0,0,3,0%,0%,0,10.67
hotel plaza opera palermo reviews,0,0,0,3,0%,0%,0,11
palermo information,0,0,0,3,0%,0%,0,11.67
travel to palermo sicily,0,0,0,3,0%,0%,0,12
city centre palermo,0,0,0,3,0%,0%,0,12.33
first call - hospitality experience palermo,0,0,0,3,0%,0%,0,29.33
best place to stay in sicily without a car,0,0,0,3,0%,0%,0,30.33
bed and breakfast palermo sicily,0,0,0,3,0%,0%,0,38.33
best parts of sicily to stay,0,0,0,3,0%,0%,0,40.67
old town dubrovnik accommodation,0,0,0,3,0%,0%,0,41.33
what is the best area to stay in sicily,0,0,0,3,0%,0%,0,42
hotels a palermo,0,0,0,3,0%,0%,0,42.33
alberghi palermo centro storico,0,0,0,3,0%,0%,0,44.33
hotel palerno,0,0,0,3,0%,0%,0,56
at palermo,0,0,0,3,0%,0%,0,57
highly recommend this place,0,0,0,3,0%,0%,0,57
best area to stay in italy,0,0,0,3,0%,0%,0,57.67
mondello palermo hotels,0,0,0,3,0%,0%,0,58
best area in sicily,0,0,0,3,0%,0%,0,60.67
h&m map bukan,0,0,0,3,0%,0%,0,61
beach hotels in palermo,0,0,0,3,0%,0%,0,71
palermo guesthouse,0,0,0,3,0%,0%,0,76.67
5 star hotels near palermo italy,0,0,0,3,0%,0%,0,77
palermo it,0,0,0,3,0%,0%,0,79.33
great places to stay in italy,0,0,0,3,0%,0%,0,84.33
night in palermo,0,0,0,3,0%,0%,0,89.33
palermo summer holidays,0,0,0,3,0%,0%,0,96
palermos,0,0,0,3,0%,0%,0,96.67
area to stay,0,0,0,3,0%,0%,0,97.33
palermo city italy,0,0,0,3,0%,0%,0,107
italian palermo,0,0,0,3,0%,0%,0,111.67
apartment areas,0,0,0,2,0%,0%,0,1
is palermo safe?,0,0,0,2,0%,0%,0,1
shopping street in palermo,0,0,0,2,0%,0%,0,1.5
flights to palermo,0,0,0,2,0%,0%,0,2
is there a beach in palermo,0,0,0,2,0%,0%,0,2
kalsa viertel palermo,0,0,0,2,0%,0%,0,2
la kalsa palermo safety,0,0,0,2,0%,0%,0,2
palermo holidays,0,0,0,2,0%,0%,0,2
partanna mondello palermo,0,0,0,2,0%,0%,0,2
buenos aires palermo hotels,0,0,0,2,0%,0%,0,2.5
main street palermo,0,0,0,2,0%,0%,0,2.5
marriott hotels in palermo sicily,0,0,0,2,0%,0%,0,2.5
all inclusive resorts palermo sicily,0,0,0,2,0%,0%,0,3
palermo no go areas,0,0,0,2,0%,0%,0,3
palermo top 10 things to do,0,0,0,2,0%,0%,0,3
palermo ztl zone,0,0,0,2,0%,0%,0,3
zentrum palermo,0,0,0,2,0%,0%,0,3
"weather palermo, pa, italy",0,0,0,2,0%,0%,0,3.5
villa igiea palermo history,0,0,0,2,0%,0%,0,4
hotel 5 stelle palermo centro,0,0,0,2,0%,0%,0,5
resort provincia di palermo,0,0,0,2,0%,0%,0,5
foto di nightlife palermo,0,0,0,2,0%,0%,0,5.5
visiting palermo,0,0,0,2,0%,0%,0,5.5
cual es la mejor zona para alojarse en palermo sicilia,0,0,0,2,0%,0%,0,6
overnachten palermo,0,0,0,2,0%,0%,0,6
palermo airbnb,0,0,0,2,0%,0%,0,6.5
palermo now,0,0,0,2,0%,0%,0,6.5
grand hotel et des palmes palermo sicily,0,0,0,2,0%,0%,0,7
hotel igiea palermo italy,0,0,0,2,0%,0%,0,7
accommodation near me,0,0,0,2,0%,0%,0,7.5
hotel centro palermo,0,0,0,2,0%,0%,0,7.5
hotel del centro palermo,0,0,0,2,0%,0%,0,7.5
locale palermo,0,0,0,2,0%,0%,0,7.5
ou loger a palerme,0,0,0,2,0%,0%,0,8.5
about palermo,0,0,0,2,0%,0%,0,9
visit palermo italy,0,0,0,2,0%,0%,0,9.5
nico palermo,0,0,0,2,0%,0%,0,10
best b&b palermo,0,0,0,2,0%,0%,0,11
hotel around me,0,0,0,2,0%,0%,0,11
palermo for tourists,0,0,0,2,0%,0%,0,11
trip to palermo,0,0,0,2,0%,0%,0,11.5
accommodation,0,0,0,2,0%,0%,0,12
palermo hotels with pool,0,0,0,2,0%,0%,0,12
palermo expensive,0,0,0,2,0%,0%,0,12.5
palermo italy travel,0,0,0,2,0%,0%,0,13
"best hotels in palermo, italy",0,0,0,2,0%,0%,0,14
city see palermo,0,0,0,2,0%,0%,0,15.5
stay palermo,0,0,0,2,0%,0%,0,16
closest hotel to palermo airport,0,0,0,2,0%,0%,0,21.5
فنادق سنترو ستوريكو,0,0,0,2,0%,0%,0,28.5
shopping in palermo sicily,0,0,0,2,0%,0%,0,32.5
sicily best areas to stay,0,0,0,2,0%,0%,0,33
what area to stay in sicily,0,0,0,2,0%,0%,0,34.5
hotel in centro a palermo,0,0,0,2,0%,0%,0,37
hotel a palermo centro storico,0,0,0,2,0%,0%,0,38
tourist information office palermo,0,0,0,2,0%,0%,0,41
which part of sicily is the best to stay,0,0,0,2,0%,0%,0,41.5
unterkunft in palermo,0,0,0,2,0%,0%,0,43.5
best place to stay in sicily for couples,0,0,0,2,0%,0%,0,47
areas to stay in sicily,0,0,0,2,0%,0%,0,48
vacation in palermo sicily,0,0,0,2,0%,0%,0,49
mondello beach hotels sicily,0,0,0,2,0%,0%,0,50.5
the palermo affair,0,0,0,2,0%,0%,0,50.5
best area to,0,0,0,2,0%,0%,0,51
metropolitan city of palermo,0,0,0,2,0%,0%,0,51.5
pallermo,0,0,0,2,0%,0%,0,52
palermo place,0,0,0,2,0%,0%,0,53
resorts palermo,0,0,0,2,0%,0%,0,53
the best place to stay in sicily,0,0,0,2,0%,0%,0,53.5
homelidays palermo,0,0,0,2,0%,0%,0,57
palermo boutique hotel,0,0,0,2,0%,0%,0,61
mondello hotels palermo,0,0,0,2,0%,0%,0,62
mondello accommodation,0,0,0,2,0%,0%,0,64.5
boutique hotels in palermo,0,0,0,2,0%,0%,0,65.5
where is palermo italy located,0,0,0,2,0%,0%,0,65.5
holidays in palermo,0,0,0,2,0%,0%,0,69.5
holiday apartments palermo,0,0,0,2,0%,0%,0,70.5
time in palermo italy right now,0,0,0,2,0%,0%,0,70.5
palmero hotel,0,0,0,2,0%,0%,0,78.5
via well palermo,0,0,0,2,0%,0%,0,78.5
best area to stay in scilly,0,0,0,2,0%,0%,0,80.5
best luxury hotels palermo,0,0,0,2,0%,0%,0,82
city tax palermo,0,0,0,2,0%,0%,0,82
bed and breakfasts palermo,0,0,0,2,0%,0%,0,83.5
where we stay,0,0,0,2,0%,0%,0,83.5
best location in sicily,0,0,0,2,0%,0%,0,84.5
best place to stay in palermo buenos aires,0,0,0,2,0%,0%,0,87
five star hotels in palermo,0,0,0,2,0%,0%,0,88
all inclusive palermo italy,0,0,0,2,0%,0%,0,88.5
city center accommodation,0,0,0,2,0%,0%,0,90
palermo argentina hotels,0,0,0,2,0%,0%,0,91
palermo dove soggiornare,0,0,0,2,0%,0%,0,98.5
5 star hotels in sicily palermo,0,0,0,2,0%,0%,0,102
best hotels buenos aires palermo,0,0,0,2,0%,0%,0,102
albergheria palermo,0,0,0,2,0%,0%,0,106.5
palermo italy vacation,0,0,0,2,0%,0%,0,134
best areas of palermo,0,0,0,1,0%,0%,0,1
cities in palermo,0,0,0,1,0%,0%,0,1
cual es el centro de palermo,0,0,0,1,0%,0%,0,1
ferdinando ii delle due sicilie,0,0,0,1,0%,0%,0,1
how many people live in palermo,0,0,0,1,0%,0%,0,1
images of palermo,0,0,0,1,0%,0%,0,1
images of palermo italy,0,0,0,1,0%,0%,0,1
is palermo sicily dangerous,0,0,0,1,0%,0%,0,1
main shopping street palermo,0,0,0,1,0%,0%,0,1
nicest part of sicily to stay,0,0,0,1,0%,0%,0,1
pictures of palermo italy,0,0,0,1,0%,0%,0,1
shopping street palermo,0,0,0,1,0%,0%,0,1
where is nice to stay in sicily,0,0,0,1,0%,0%,0,1
where to live in palermo,0,0,0,1,0%,0%,0,1
7 days in sicily starting in palermo,0,0,0,1,0%,0%,0,2
are there beaches in palermo,0,0,0,1,0%,0%,0,2
attractions sicily,0,0,0,1,0%,0%,0,2
beaches in palermo,0,0,0,1,0%,0%,0,2
best towns to stay near palermo,0,0,0,1,0%,0%,0,2
bus from mondello to palermo,0,0,0,1,0%,0%,0,2
catania to palermo,0,0,0,1,0%,0%,0,2
climate in palermo italy,0,0,0,1,0%,0%,0,2
from catania to palermo,0,0,0,1,0%,0%,0,2
holidays to palermo sicily 2025,0,0,0,1,0%,0%,0,2
hotel paletmo,0,0,0,1,0%,0%,0,2
how long is the flight from dublin to palermo,0,0,0,1,0%,0%,0,2
how long to spend in palermo,0,0,0,1,0%,0%,0,2
how many days do you need in palermo,0,0,0,1,0%,0%,0,2
how to get from palermo to monreale,0,0,0,1,0%,0%,0,2
how to get to san vito lo capo from palermo,0,0,0,1,0%,0%,0,2
is palermo worth visiting,0,0,0,1,0%,0%,0,2
mafia in palermo english,0,0,0,1,0%,0%,0,2
nearest city to palermo,0,0,0,1,0%,0%,0,2
palazzo gattopardo palermo,0,0,0,1,0%,0%,0,2
palermo airport to city,0,0,0,1,0%,0%,0,2
palermo in october weather,0,0,0,1,0%,0%,0,2
palermo marriott,0,0,0,1,0%,0%,0,2
palermo may weather,0,0,0,1,0%,0%,0,2
palermo summer,0,0,0,1,0%,0%,0,2
palermo temperature by month,0,0,0,1,0%,0%,0,2
palermo to erice,0,0,0,1,0%,0%,0,2
palermo to rome train,0,0,0,1,0%,0%,0,2
palermo to taormina,0,0,0,1,0%,0%,0,2
palermo vs trapani,0,0,0,1,0%,0%,0,2
palermo weather april,0,0,0,1,0%,0%,0,2
palermo weather in july,0,0,0,1,0%,0%,0,2
palermo weather may,0,0,0,1,0%,0%,0,2
papireto palermo,0,0,0,1,0%,0%,0,2
places in palermo italy,0,0,0,1,0%,0%,0,2
sicily weather in october,0,0,0,1,0%,0%,0,2
street in palermo,0,0,0,1,0%,0%,0,2
temperature in palermo in may,0,0,0,1,0%,0%,0,2
temperature palermo may,0,0,0,1,0%,0%,0,2
things to do in palermo with children,0,0,0,1,0%,0%,0,2
toronto palermo,0,0,0,1,0%,0%,0,2
towns near palermo sicily,0,0,0,1,0%,0%,0,2
vucciria palermo market,0,0,0,1,0%,0%,0,2
weather in palermo april,0,0,0,1,0%,0%,0,2
weather in palermo in may,0,0,0,1,0%,0%,0,2
weather in palermo in october,0,0,0,1,0%,0%,0,2
weather in palermo italy in april,0,0,0,1,0%,0%,0,2
weather in palermo sicily in october,0,0,0,1,0%,0%,0,2
weather in sicily in may,0,0,0,1,0%,0%,0,2
are there beaches in palermo sicily,0,0,0,1,0%,0%,0,3
ballaro market palermo,0,0,0,1,0%,0%,0,3
"barrios peligrosos palermo, sicilia",0,0,0,1,0%,0%,0,3
best place in palermo,0,0,0,1,0%,0%,0,3
best places in palermo,0,0,0,1,0%,0%,0,3
cities in palermo italy,0,0,0,1,0%,0%,0,3
does palermo have a beach,0,0,0,1,0%,0%,0,3
getting around palermo,0,0,0,1,0%,0%,0,3
hotels in palermo argentina,0,0,0,1,0%,0%,0,3
how far is palermo airport to city centre,0,0,0,1,0%,0%,0,3
how many nights in palermo,0,0,0,1,0%,0%,0,3
how much is a taxi from palermo airport to the city,0,0,0,1,0%,0%,0,3
is palermo a walkable city,0,0,0,1,0%,0%,0,3
is palermo near the beach,0,0,0,1,0%,0%,0,3
mapa barrio palermo,0,0,0,1,0%,0%,0,3
palermo apartment rentals,0,0,0,1,0%,0%,0,3
palermo june,0,0,0,1,0%,0%,0,3
palermo neighborhoods,0,0,0,1,0%,0%,0,3
palermo to naples,0,0,0,1,0%,0%,0,3
palmermo,0,0,0,1,0%,0%,0,3
places to avoid in palermo,0,0,0,1,0%,0%,0,3
prices in palermo,0,0,0,1,0%,0%,0,3
shopping in palermo,0,0,0,1,0%,0%,0,3
shops palermo,0,0,0,1,0%,0%,0,3
sicily tripadvisor,0,0,0,1,0%,0%,0,3
stay in palermo or cefalu,0,0,0,1,0%,0%,0,3
taxi in palermo,0,0,0,1,0%,0%,0,3
traumhochzeit palermo location,0,0,0,1,0%,0%,0,3
villages near palermo,0,0,0,1,0%,0%,0,3
vucciria meaning,0,0,0,1,0%,0%,0,3
weather in palermo,0,0,0,1,0%,0%,0,3
weather in palermo today,0,0,0,1,0%,0%,0,3
what is there to do in palermo,0,0,0,1,0%,0%,0,3
b&b palermo,0,0,0,1,0%,0%,0,4
cheap houses for sale in palermo,0,0,0,1,0%,0%,0,4
donde hospedarse en palermo,0,0,0,1,0%,0%,0,4
hoteles en palermo centro,0,0,0,1,0%,0%,0,4
map palermo sicily,0,0,0,1,0%,0%,0,4
mapa palermo centro,0,0,0,1,0%,0%,0,4
mejores zonas para alojarse en palermo,0,0,0,1,0%,0%,0,4
mercure centro palermo,0,0,0,1,0%,0%,0,4
palermo gezilecek yerler,0,0,0,1,0%,0%,0,4
palermo porta felice,0,0,0,1,0%,0%,0,4
palermo weather forecast 30 days,0,0,0,1,0%,0%,0,4
palermo weather today,0,0,0,1,0%,0%,0,4
parmelo italy,0,0,0,1,0%,0%,0,4
pleno palermo soho,0,0,0,1,0%,0%,0,4
rick steves palermo hotels,0,0,0,1,0%,0%,0,4
temperature palermo,0,0,0,1,0%,0%,0,4
villa igea palermo,0,0,0,1,0%,0%,0,4
villa igeia palermo,0,0,0,1,0%,0%,0,4
visiting palermo italy,0,0,0,1,0%,0%,0,4
where to go palermo,0,0,0,1,0%,0%,0,4
beste hotels in palermo,0,0,0,1,0%,0%,0,5
grand hotel wagner palermo,0,0,0,1,0%,0%,0,5
hotel 4 stelle palermo,0,0,0,1,0%,0%,0,5
hotel mondello palermo,0,0,0,1,0%,0%,0,5
la vucciria palermo,0,0,0,1,0%,0%,0,5
ostello bello palermo reviews,0,0,0,1,0%,0%,0,5
ou loger palerme,0,0,0,1,0%,0%,0,5
ou sejourner a palerme,0,0,0,1,0%,0%,0,5
palermo 2 day itinerary,0,0,0,1,0%,0%,0,5
palermo airport,0,0,0,1,0%,0%,0,5
palermo centrale,0,0,0,1,0%,0%,0,5
palermo fläche,0,0,0,1,0%,0%,0,5
palermo opera 2025,0,0,0,1,0%,0%,0,5
things to do palermo,0,0,0,1,0%,0%,0,5
holiday palermo,0,0,0,1,0%,0%,0,6
hotel economico palermo,0,0,0,1,0%,0%,0,6
hotel igiea palermo,0,0,0,1,0%,0%,0,6
ibis styles palermo cristal,0,0,0,1,0%,0%,0,6
nh palermo hotel reviews,0,0,0,1,0%,0%,0,6
palermo more,0,0,0,1,0%,0%,0,6
urlaub in palermo,0,0,0,1,0%,0%,0,6
beste eisdiele palermo,0,0,0,1,0%,0%,0,7
inns near me,0,0,0,1,0%,0%,0,7
most safe,0,0,0,1,0%,0%,0,7
nearby hotels to stay,0,0,0,1,0%,0%,0,7
palermo hostel,0,0,0,1,0%,0%,0,7
palermo local,0,0,0,1,0%,0%,0,7
palermo neighbourhoods,0,0,0,1,0%,0%,0,7
palermo tourist attractions map,0,0,0,1,0%,0%,0,7
porta felice palermo,0,0,0,1,0%,0%,0,7
villa igiea rocco forte palermo,0,0,0,1,0%,0%,0,7
grand hotel piazza borsa palermo,0,0,0,1,0%,0%,0,8
hotel nh palermo,0,0,0,1,0%,0%,0,8
palermo mare holidays,0,0,0,1,0%,0%,0,8
palermo viaggio,0,0,0,1,0%,0%,0,8
palermó,0,0,0,1,0%,0%,0,8
quattro canti palerme,0,0,0,1,0%,0%,0,8
sleep place near me,0,0,0,1,0%,0%,0,8
accomodation in,0,0,0,1,0%,0%,0,9
dans quel quartier loger a palerme,0,0,0,1,0%,0%,0,9
hotels in palermo with pool,0,0,0,1,0%,0%,0,9
migliore palermo,0,0,0,1,0%,0%,0,9
villa.igiea palermo,0,0,0,1,0%,0%,0,9
acommondation,0,0,0,1,0%,0%,0,10
hostel palermo sicily,0,0,0,1,0%,0%,0,10
hotel del centro palermo sicily,0,0,0,1,0%,0%,0,10
let's party palermo,0,0,0,1,0%,0%,0,10
palerme guide,0,0,0,1,0%,0%,0,10
palermö,0,0,0,1,0%,0%,0,10
politeama liberta,0,0,0,1,0%,0%,0,10
unique palermo,0,0,0,1,0%,0%,0,10
best hotel.palermo,0,0,0,1,0%,0%,0,11
great hotels near me,0,0,0,1,0%,0%,0,11
hotels available near me,0,0,0,1,0%,0%,0,11
palazzo hotel palermo,0,0,0,1,0%,0%,0,11
palermo by,0,0,0,1,0%,0%,0,11
stay area,0,0,0,1,0%,0%,0,11
stay in hotel,0,0,0,1,0%,0%,0,11
zonas de palermo,0,0,0,1,0%,0%,0,11
.palermo,0,0,0,1,0%,0%,0,12
b&b palermo centro,0,0,0,1,0%,0%,0,12
best hotels near me,0,0,0,1,0%,0%,0,12
best place,0,0,0,1,0%,0%,0,12
ciccio palermo,0,0,0,1,0%,0%,0,12
hotel alessandra palermo,0,0,0,1,0%,0%,0,12
hotel con jacuzzi in camera palermo,0,0,0,1,0%,0%,0,12
info palermo,0,0,0,1,0%,0%,0,12
one day room near me,0,0,0,1,0%,0%,0,12
palermo city tax,0,0,0,1,0%,0%,0,12
palermo native,0,0,0,1,0%,0%,0,12
qué tan lejos queda,0,0,0,1,0%,0%,0,12
san paolo palace hotel palermo reviews,0,0,0,1,0%,0%,0,12
sicily downtown,0,0,0,1,0%,0%,0,12
trendy palermo,0,0,0,1,0%,0%,0,12
trivago palermo centro,0,0,0,1,0%,0%,0,12
best western palermo,0,0,0,1,0%,0%,0,13
hotels bear me,0,0,0,1,0%,0%,0,13
iam palermo,0,0,0,1,0%,0%,0,13
mondello piazza,0,0,0,1,0%,0%,0,13
palermo september weather,0,0,0,1,0%,0%,0,13
palermo tourist,0,0,0,1,0%,0%,0,13
palermo town game,0,0,0,1,0%,0%,0,13
palermo waterfront,0,0,0,1,0%,0%,0,13
palrmo,0,0,0,1,0%,0%,0,13
centro palermo,0,0,0,1,0%,0%,0,14
downtown sicily,0,0,0,1,0%,0%,0,14
hotels & motels near me,0,0,0,1,0%,0%,0,14
near by hotel near me,0,0,0,1,0%,0%,0,14
plan the love palermo,0,0,0,1,0%,0%,0,14
restaurants palermo sicily,0,0,0,1,0%,0%,0,14
tourist info palermo,0,0,0,1,0%,0%,0,14
best area to stay in dubai for tourists,0,0,0,1,0%,0%,0,15
best hotels palermo condé nast,0,0,0,1,0%,0%,0,15
buenos aires hotels palermo,0,0,0,1,0%,0%,0,15
granita palermo,0,0,0,1,0%,0%,0,15
hotel italia palermo,0,0,0,1,0%,0%,0,16
hotels in palermo city,0,0,0,1,0%,0%,0,16
nh palermo hotel sicily,0,0,0,1,0%,0%,0,16
palermo hotel argentina,0,0,0,1,0%,0%,0,16
luxury shopping in palermo,0,0,0,1,0%,0%,0,18
is palermo expensive to visit,0,0,0,1,0%,0%,0,20
resort near palermo,0,0,0,1,0%,0%,0,22
winter lullaby grand hotel full movie youtube,0,0,0,1,0%,0%,0,22
palermo 2,0,0,0,1,0%,0%,0,23
palazzo conte federico hotels palermo,0,0,0,1,0%,0%,0,24
palermo safe,0,0,0,1,0%,0%,0,24
sofifa palermo,0,0,0,1,0%,0%,0,24
hotel palermo strand,0,0,0,1,0%,0%,0,25
is palermo a safe city,0,0,0,1,0%,0%,0,25
hotel en palermo italia,0,0,0,1,0%,0%,0,26
palermo town park,0,0,0,1,0%,0%,0,28
how many days to stay in palermo,0,0,0,1,0%,0%,0,30
palermo ztl map,0,0,0,1,0%,0%,0,30
palermo old city,0,0,0,1,0%,0%,0,31
town of palermo,0,0,0,1,0%,0%,0,31
palermo blu,0,0,0,1,0%,0%,0,32
pasticceria palermo,0,0,0,1,0%,0%,0,33
best place to stay in siciliy,0,0,0,1,0%,0%,0,34
booking com palermo hotels,0,0,0,1,0%,0%,0,36
olivella palermo,0,0,0,1,0%,0%,0,36
best resorts near palermo,0,0,0,1,0%,0%,0,39
places to stay in,0,0,0,1,0%,0%,0,39
via palermo,0,0,0,1,0%,0%,0,39
best areas to stay sicily,0,0,0,1,0%,0%,0,40
palermo hotel and resort,0,0,0,1,0%,0%,0,40
best town to stay in sicily,0,0,0,1,0%,0%,0,41
hotel a palermo in centro,0,0,0,1,0%,0%,0,41
hotel in centro palermo,0,0,0,1,0%,0%,0,42
mondello villas,0,0,0,1,0%,0%,0,42
resort a palermo,0,0,0,1,0%,0%,0,42
is principe real a good place to stay,0,0,0,1,0%,0%,0,44
palermo family,0,0,0,1,0%,0%,0,44
booking palerme,0,0,0,1,0%,0%,0,45
places to stay in sicily,0,0,0,1,0%,0%,0,45
bundas grandes metendo,0,0,0,1,0%,0%,0,46
hotels.in palermo,0,0,0,1,0%,0%,0,46
central parking palermo,0,0,0,1,0%,0%,0,48
greater palermo metropolitan area,0,0,0,1,0%,0%,0,48
best places to stay on sicily,0,0,0,1,0%,0%,0,49
places to stay in italy,0,0,0,1,0%,0%,0,49
stay in area,0,0,0,1,0%,0%,0,49
hotels near palermo train station,0,0,0,1,0%,0%,0,52
which area to stay in sicily,0,0,0,1,0%,0%,0,52
palermo city break,0,0,0,1,0%,0%,0,53
palermo hoteles,0,0,0,1,0%,0%,0,53
sleep & go -meran easy staying,0,0,0,1,0%,0%,0,53
best part to stay in sicily,0,0,0,1,0%,0%,0,54
palermo booking hotel,0,0,0,1,0%,0%,0,54
palermo turist,0,0,0,1,0%,0%,0,54
best area to stay in sicily for couples,0,0,0,1,0%,0%,0,55
palermo in italy,0,0,0,1,0%,0%,0,55
hotel centro di palermo,0,0,0,1,0%,0%,0,56
shopping centre palermo,0,0,0,1,0%,0%,0,56
best place to stay in sicily for sightseeing,0,0,0,1,0%,0%,0,57
hotel palermo sicilia,0,0,0,1,0%,0%,0,57
marriott palermo italy,0,0,0,1,0%,0%,0,58
b&b palermo italy,0,0,0,1,0%,0%,0,60
best part of sicily to stay in,0,0,0,1,0%,0%,0,60
palermo italy shopping,0,0,0,1,0%,0%,0,60