Top queries,Clicks,Impressions,CTR,Position
where to stay in palermo,63,3571,1.76%,8.24
where to stay palermo,15,574,2.61%,8.3
palermo where to stay,12,691,1.74%,7.56
we are palermo,12,340,3.53%,1.01
best area to stay in palermo,10,920,1.09%,7.46
where to stay in palermo sicily,9,760,1.18%,7.64
wearepalermo,6,147,4.08%,1.01
palermo best area to stay,4,103,3.88%,6.25
best place to stay in palermo,3,592,0.51%,9.68
best area to stay in palermo sicily,3,349,0.86%,8.74
best areas to stay in palermo,3,345,0.87%,7.24
hotels in palermo,3,318,0.94%,41.81
best places to stay in palermo,3,206,1.46%,9.96
best area to stay in palermo first time,3,181,1.66%,7.76
best place to stay in palermo sicily,3,161,1.86%,8.29
palermo,3,87,3.45%,5.67
mondello,3,78,3.85%,2.97
which area to stay in palermo,3,61,4.92%,6.18
palermo hotels,2,500,0.4%,40.06
hotels in palermo sicily,2,263,0.76%,27.39
accommodation palermo sicily,2,245,0.82%,18.86
where to stay near palermo,2,155,1.29%,9.27
palermo accomodation,2,116,1.72%,13.06
best places to stay in palermo sicily,2,96,2.08%,10.5
what area to stay in palermo,2,65,3.08%,7.06
best hotels palermo,2,56,3.57%,24.91
where to stay palermo sicily,2,54,3.7%,9.07
staying in palermo,2,49,4.08%,4.55
palermo best places to stay,2,26,7.69%,10.42
palermo accommodation,1,1111,0.09%,15.36
best neighborhoods to stay in palermo,1,215,0.47%,7.62
palermo places to stay,1,202,0.5%,13.37
best part of palermo to stay,1,124,0.81%,7.31
best area to stay palermo,1,118,0.85%,7.12
where to stay in palermo italy,1,102,0.98%,10.03
palermo old town,1,92,1.09%,17.03
safest area to stay in palermo,1,81,1.23%,6.95
best area in palermo to stay,1,72,1.39%,6.86
best area to stay in palermo italy,1,71,1.41%,8.27
hotels palermo,1,59,1.69%,33.32
where to stay in palermo with a car,1,54,1.85%,9.13
palermo best place to stay,1,50,2%,8.22
albergheria palermo safety,1,47,2.13%,8.28
areas to avoid in palermo,1,46,2.17%,17.39
where should i stay in palermo,1,44,2.27%,7.07
where is the best area to stay in palermo,1,43,2.33%,7.26
where to stay in palermo for first time,1,37,2.7%,8.43
staying in palermo sicily,1,34,2.94%,2.71
palerme quartier à éviter,1,18,5.56%,1.89
where not to stay in palermo,1,17,5.88%,8.94
palermo boutique hotels,1,10,10%,30
palermo mondello,1,7,14.29%,2.14
quartier palerme,1,6,16.67%,3
palermo boende,1,3,33.33%,61
jak dojechać z palermo do mondello,1,2,50%,2
tourist map of palermo,1,2,50%,5
libertà,1,2,50%,8.5
palermo news,1,1,100%,1
buenos aires palermo,1,1,100%,2
mercado de ballarò palermo,1,1,100%,2
vrbo palermo sicily,1,1,100%,2
centre historique palerme,1,1,100%,3
palermp,1,1,100%,3
temperatura palermo marzec,1,1,100%,3
map of palermo sicily,1,1,100%,4
marcin sukiennik palermo,1,1,100%,7
accommodation in palermo,0,373,0%,15.16
best hotels in palermo,0,316,0%,25.01
accommodation in palermo sicily,0,302,0%,16.08
best apartments palermo historic center private parking,0,282,0%,10.87
accommodation palermo,0,220,0%,16.13
places to stay in palermo,0,145,0%,19.55
hotels b&b sale palermo,0,145,0%,53.62
hotel best location palermo,0,113,0%,11.92
best area of palermo to stay,0,106,0%,7.14
hotels in palermo italy,0,101,0%,32.35
hotels near palermo,0,98,0%,37.22
best areas to stay in palermo sicily,0,97,0%,8.18
best location to stay in palermo,0,84,0%,10.54
palermo to mondello beach,0,81,0%,1.05
hotels in palermo sicily near beach,0,81,0%,24.56
best place to stay palermo,0,75,0%,8.4
palermo area,0,74,0%,5.86
where is the best place to stay in palermo,0,74,0%,8
hotels in palermo city center,0,70,0%,16.31
mondello beach,0,69,0%,1.71
is palermo safe,0,67,0%,37.06
best hotel palermo,0,65,0%,21.54
lodging in palermo,0,63,0%,16.38
accomodation in palermo,0,61,0%,12.8
best area to stay palermo sicily,0,60,0%,7.78
palermo accommodation sicily,0,59,0%,15.71
accomodation palermo,0,58,0%,15.21
best neighborhood to stay in palermo,0,57,0%,9.7
where is palermo,0,57,0%,17.74
places to stay in palermo sicily,0,56,0%,13.38
stay in palermo,0,52,0%,6.37
best place to stay near palermo,0,52,0%,9
"what are some hotels in palermo, sicily, italy?",0,50,0%,1.44
hotels near palermo airport,0,50,0%,26.5
top hotels in palermo,0,50,0%,30.16
palermo sicily accommodation,0,49,0%,15
palermo italy accommodation,0,49,0%,15.39
hotels in palermo sicily italy,0,49,0%,26.96
best areas to stay palermo,0,48,0%,8.04
best places to stay near palermo,0,46,0%,9.83
best hotels in palermo italy,0,46,0%,24.28
best hotel in palermo,0,45,0%,23.62
فنادق باليرمو,0,44,0%,42.09
what is the best area to stay in palermo,0,41,0%,7.07
palermo guide,0,39,0%,6.49
where to stay in palermo?,0,39,0%,8.1
accommodation sicily palermo,0,39,0%,13.67
alojamiento en palermo,0,38,0%,13.47
palermo hotel,0,37,0%,38.49
mondello sicily,0,36,0%,2.81
best areas to stay in palermo italy,0,35,0%,8.29
palermo best hotels,0,35,0%,20.94
guide to palermo,0,34,0%,8.65
ain khudra الفنادق الموجودة بالقرب من,0,33,0%,28.97
where to stay in sicily,0,33,0%,73.15
"what hotels are available in palermo, sicily, italy?",0,32,0%,1
palermo best areas to stay,0,32,0%,6.78
places to stay in palermo italy,0,32,0%,12.53
places to stay palermo,0,31,0%,12.74
hotel in palermo,0,31,0%,44.77
best places to stay in palermo italy,0,30,0%,11.53
palermo sicily where to stay,0,29,0%,6.76
hotel near palermo airport,0,29,0%,22.14
where to stay in palermo old town,0,28,0%,3.96
where to stay in palmero,0,28,0%,6.93
palermo lodging,0,28,0%,21.68
best hotels in palermo sicily,0,28,0%,35.04
hotel palermo,0,28,0%,51.71
best place to stay in palermo italy,0,25,0%,9.72
where to sleep in palermo,0,25,0%,9.8
best areas to stay in palermo sicily neighborhoods,0,25,0%,10.96
where to stay near palermo airport,0,25,0%,11.76
hotels palermo sicily,0,25,0%,30.2
palermo italy hotels,0,24,0%,31.21
best place to stay in sicily,0,24,0%,75.33
best places to stay near palermo sicily,0,23,0%,12.74
where to stay in palermo near beach,0,23,0%,14.48
luxury hotel palermo,0,23,0%,26.91
palermo sicily hotels,0,23,0%,29.87
best palermo hotels,0,23,0%,31.26
best apartments palermo old town with private parking,0,22,0%,11
best places to stay palermo,0,22,0%,12.09
accommodation palermo italy,0,22,0%,15.82
best hotels palermo italy,0,22,0%,27.09
hotels in sicily palermo,0,22,0%,29.64
old town palermo sicily,0,22,0%,48.27
5 star hotels in palermo,0,22,0%,51.64
hotel mejor ubicacion palermo,0,21,0%,14
5 star hotels in palermo sicily,0,20,0%,51.25
palermo holiday guide,0,19,0%,8
mejor zona de palermo para alojarse,0,19,0%,8.32
mejor zona para alojarse en palermo sicilia,0,19,0%,8.32
best hotel near palermo airport,0,19,0%,19.32
palermo travel guide,0,18,0%,8.06
best hotel in palermo sicily,0,18,0%,33.89
mercure palermo centro location,0,17,0%,9.65
hotels near palermo airport sicily,0,17,0%,21.94
luxury hotels palermo italy,0,17,0%,25.88
old town palermo,0,17,0%,26.06
palermo official tourism website,0,16,0%,10
palermo stay,0,16,0%,13.56
lodging palermo,0,16,0%,17.69
top hotels palermo,0,16,0%,28.31
palermo airport hotels,0,16,0%,31.75
best hotel palermo sicily,0,16,0%,33.44
politeama/libertà,0,15,0%,5.8
hotels palermo italy,0,15,0%,33.47
is palermo italy safe,0,15,0%,42
sicily palermo hotels,0,15,0%,42.33
what part of palermo is best to stay in,0,14,0%,7.5
what is the best area to stay in palermo sicily,0,14,0%,7.86
palermo sicily travel guide,0,14,0%,9.43
donde alojarse en palermo sicilia,0,14,0%,9.57
hotels palermo centro storico,0,14,0%,10.36
luxury hotels in palermo,0,14,0%,23.64
palermo luxury hotels,0,14,0%,23.86
donde alojarse en palermo,0,13,0%,8.46
palermo best neighborhood to stay,0,13,0%,8.85
boutique hotels in palermo sicily,0,13,0%,38.92
where should i stay in palermo with a view and spa,0,12,0%,1.17
недорогие отели в палермо,0,12,0%,6.42
palermo city guide,0,12,0%,7.33
best hotels in centro storico palermo sicily,0,12,0%,9.92
where to stay near palermo sicily,0,12,0%,11.75
"houses for lodging in palermo, sicily, italy",0,12,0%,14.33
accommodation in palermo italy,0,12,0%,14.42
best hotel in palermo italy,0,12,0%,27.42
luxury hotels in palermo sicily,0,12,0%,32.5
palermo hotels sicily,0,12,0%,38.83
โรงแรม ที่ ชิงโง,0,12,0%,43.25
"what are the best hotels in palermo, sicily, italy?",0,11,0%,1
mondello beach from palermo,0,11,0%,1.09
accommodation palermo near forum palermo ev charging,0,11,0%,2.18
palermo gefährliche viertel,0,11,0%,2.27
politeama,0,11,0%,3.36
"accommodation near palermo-catania highway entrance nature sicily historic 
center",0,11,0%,10.09
centro storico palermo hotels,0,11,0%,11.09
alojamiento en palermo italia,0,11,0%,12
palermo booking.com,0,11,0%,12.36
hotel palermo sicily,0,11,0%,20.45
palermo location,0,11,0%,21.73
гостиницы в палермо в италии,0,10,0%,5.7
хостелы палермо,0,10,0%,8.8
best area to stay in sicily,0,10,0%,43.1
things to do in mondello sicily,0,9,0%,1.22
area palermo,0,9,0%,5.89
отели на сицилии палермо,0,9,0%,6.56
palermo italy travel guide,0,9,0%,10.89
donde hospedarse en palermo sicilia,0,9,0%,11
palermo tour guide,0,9,0%,11
top hotels in palermo italy,0,9,0%,12.89
palermo stays,0,9,0%,13
places to stay palermo italy,0,9,0%,13.67
best hotels palermo sicily,0,9,0%,29.89
hotels sicily palermo,0,9,0%,32
sicily hotels palermo,0,9,0%,43.44
alojamento na palermo,0,9,0%,44.22
5 star hotels in palermo italy,0,9,0%,57.33
dove dormire a palermo,0,9,0%,58.56
mondello to palermo,0,8,0%,1.75
mondello sicile,0,8,0%,3
отели в палермо италия,0,8,0%,5.25
where is best to stay in palermo,0,8,0%,7.12
palermo where is it,0,8,0%,9.12
places to stay near palermo,0,8,0%,9.38
is palermo safe at night,0,8,0%,9.62
politeama area palermo,0,8,0%,9.88
stay in palermo centre,0,8,0%,17.5
hotels near palermo italy,0,8,0%,23.75
hotel palermo city centre,0,8,0%,29.38
boutique hotel palermo sicily,0,8,0%,39.88
ที่พักย่านdowntown เปโตรลินา,0,8,0%,40.12
hotels b&b sale sicily,0,8,0%,72.62
mondello beach to palermo,0,7,0%,1
var ska man bo i palermo,0,7,0%,1.57
palermo italy,0,7,0%,2.29
palermo city information,0,7,0%,6.57
best areas to stay in palermo sicily for tourists,0,7,0%,10
best places to stay palermo sicily,0,7,0%,16.14
hotel in palermo italy,0,7,0%,27.14
luxury hotels palermo sicily,0,7,0%,31.86
palermo hotels italy,0,7,0%,36.14
hotel by palermo,0,7,0%,39.29
hotel palermo italy,0,7,0%,44.86
palermo apartments,0,6,0%,1
things to do in mondello,0,6,0%,1
kalsa palermo safety,0,6,0%,2.5
"vacation rentals in palermo, sicily, italy",0,6,0%,3.33
palermo airport hotel,0,6,0%,3.5
mondello palermo,0,6,0%,3.83
отели в палермо сицилия,0,6,0%,7.67
palermo city center,0,6,0%,8.33
where to stay in palermo reddit,0,6,0%,11.17
palermo italy lodging,0,6,0%,18.33
downtown palermo,0,6,0%,20.17
palermo top hotels,0,6,0%,27.67
best hotels in palermo old town,0,6,0%,28.67
palermo sicily best hotels,0,6,0%,30.83
luxury hotels palermo,0,6,0%,31.5
โรงแรมย่านdowntown เปโตรลินา ราคาถูก,0,6,0%,31.5
ที่พักแถวdowntown เปโตรลินา,0,6,0%,35
hotels near palermo sicily,0,6,0%,36.33
where to stay in palermo buenos aires,0,6,0%,68.17
dove soggiornare a palermo,0,6,0%,69.17
palermo family hotels,0,5,0%,1
holidays to mondello sicily,0,5,0%,1.8
best areas in palermo,0,5,0%,2.8
historic center palermo,0,5,0%,5.2
where's palermo,0,5,0%,5.2
"best area to stay in palermo, sicily",0,5,0%,7
palermo website,0,5,0%,9.6
apartments palermo sicily,0,5,0%,10.4
"hotels in palermo historical center, palermo, sicily, italy",0,5,0%,14.6
palermo nerede,0,5,0%,20.4
palermo areas,0,5,0%,20.8
palermo hotels 5 star,0,5,0%,30.6
โรงแรมใกล้ดูชานเบ cathedral ราคาถูก,0,5,0%,30.6
luxury hotel palermo sicily,0,5,0%,32.6
โรงแรมใกล้ดูชานเบ old town,0,5,0%,33.2
best hotels to stay in palermo sicily,0,5,0%,38.4
boende palermo,0,5,0%,38.6
best hostels in palermo,0,5,0%,46
ที่พักใกล้ดูชานเบ cathedral,0,5,0%,47.8
hotels near palermo italy airport,0,5,0%,54.2
best place to live in sicily,0,5,0%,55
luxury hotels in palermo italy,0,5,0%,57.8
five star hotels in palermo sicily,0,5,0%,59.6
luxury hotel in palermo sicily,0,5,0%,75.6
is mondello worth visiting,0,4,0%,1
palermo crime rate,0,4,0%,1
palermo furnished apartments for rent,0,4,0%,1
palermo rentals,0,4,0%,1
what to do in mondello,0,4,0%,1
les quartiers de palerme,0,4,0%,2
meilleur quartier palerme,0,4,0%,2.25
palerme quartiers,0,4,0%,2.25
palermo apartments for rent,0,4,0%,2.25
airbnb palermo,0,4,0%,2.5
hotel aeroporto palermo,0,4,0%,2.5
politeama / libertà,0,4,0%,2.75
airbnb in palermo,0,4,0%,3
mondello beach palermo,0,4,0%,3.25
отели палермо сицилия,0,4,0%,3.25
палермо,0,4,0%,3.25
mercure palermo centro,0,4,0%,3.5
отели в палермо,0,4,0%,4
is kalsa palermo safe,0,4,0%,5.5
best neighborhoods to stay in palermo sicily for tourists,0,4,0%,9.25
alojamiento palermo italia,0,4,0%,9.5
hotels in centro storico palermo,0,4,0%,10.5
best hotels in centro storico palermo,0,4,0%,11
tripadvisor palermo hotels,0,4,0%,12
where to stay in sicily for nightlife,0,4,0%,12.5
palermo hotel recommendations,0,4,0%,13.5
hotels palmero,0,4,0%,13.75
palmero city,0,4,0%,13.75
palermo italy hotels on the beach,0,4,0%,19
best hotels near palermo,0,4,0%,19.25
hotel buena ubicacion palermo,0,4,0%,22.25
hotels in palmero,0,4,0%,24.75
palermo town,0,4,0%,24.75
palermo sicily hotel,0,4,0%,25
hotel in palermo with day use,0,4,0%,25.75
4 star hotel for a business stay in palermo,0,4,0%,26.25
best hotels near palermo airport,0,4,0%,28.25
palermo motel,0,4,0%,30.75
cheap hotels in palermo italy,0,4,0%,32.5
palermo italy hotel,0,4,0%,34.5
hotel near palermo,0,4,0%,34.75
ที่พักย่านdowntown มาร์ เดล ปลาตา,0,4,0%,36.75
palermo how long to stay,0,4,0%,37.25
best area to stay in sicily italy,0,4,0%,40.25
hotels close to palermo airport,0,4,0%,46.5
hotels near palermo sicily airport,0,4,0%,50.5
boutique hotels palermo sicily,0,4,0%,52.5
palermo hotels near airport,0,4,0%,52.5
palerme hotels,0,4,0%,53
ที่พักแถวdowntown มากาปา,0,4,0%,53
palermo dove dormire,0,4,0%,54.75
the best palermo,0,4,0%,66.5
historical centre of palermo,0,4,0%,72.5
best hotels in palermo buenos aires,0,4,0%,73.75
best place to stay in sicily italy,0,4,0%,81.75
palermo nightlife,0,4,0%,81.75
cheap hotels in palermo,0,4,0%,87.75
what to do in mondello sicily,0,3,0%,1
hilton palermo sicily,0,3,0%,1.67
palco rooms & suites,0,3,0%,1.67
quartier de palerme,0,3,0%,2
wo ist es in palermo am schönsten,0,3,0%,2
airbnb palermo sicily,0,3,0%,2.33
palermo buenos aires,0,3,0%,2.67
palermo italia,0,3,0%,2.67
ballaro palermo,0,3,0%,3
palermo dzielnice,0,3,0%,3
palermo pogoda,0,3,0%,4.33
palermo wo übernachten,0,3,0%,4.67
mejor zona para alojarse en palermo,0,3,0%,6
apartments for rent palermo sicily italy,0,3,0%,6.33
"""palermo in suite aparthotel""",0,3,0%,6.67
hotel porta felice palermo reviews,0,3,0%,6.67
palerme quartier dangereux,0,3,0%,6.67
areas of palermo,0,3,0%,7.67
best neighborhoods to stay in palermo sicily,0,3,0%,7.67
booking.com palermo,0,3,0%,8
rental palermo,0,3,0%,8.33
кемпинги палермо,0,3,0%,8.33
palermo visit guide,0,3,0%,10.33
best areas to stay palermo sicily neighborhoods,0,3,0%,11
hotels near palermo centrale station,0,3,0%,11
alojamientos en palermo sicilia,0,3,0%,11.33
palermo accommodations,0,3,0%,11.33
politeama liberta palermo,0,3,0%,11.67
hotel politeama palermo,0,3,0%,12
palermo best hotel,0,3,0%,12.67
palermo hotel สามย่าน,0,3,0%,13.67
hotel city center palermo,0,3,0%,14.67
hotel near palermo airport italy,0,3,0%,17
hotel in palermo sicily,0,3,0%,21.67
best boutique hotels in palermo sicily,0,3,0%,26.33
palermo center,0,3,0%,34.33
best boutique hotels in palermo,0,3,0%,35.33
palermo hotels 5-star,0,3,0%,37.33
palermo oteller,0,3,0%,38
hotel near palermo sicily,0,3,0%,40
hotel a palermo,0,3,0%,42.33
ที่พักย่านdowntown มากาปา,0,3,0%,49.67
palermo sicily nightlife,0,3,0%,51.67
hotels palermo airport,0,3,0%,54.33
palermo italy resorts,0,3,0%,55
best areas to stay in sicily,0,3,0%,60
best luxury hotels in palermo sicily,0,3,0%,66
best places to stay in sicily,0,3,0%,66.33
dove alloggiare palermo,0,3,0%,66.67
palermo hotel sicily,0,3,0%,68.33
palermo dove alloggiare,0,3,0%,74.67
palermo vacations,0,3,0%,76.67
best place to stay sicily,0,3,0%,80
where to live in sicily,0,3,0%,88.67
vacation rentals in palermo sicily,0,3,0%,89
marriott palermo,0,2,0%,1
mondello things to do,0,2,0%,1
palermo districts,0,2,0%,1
palermo gdzie najlepiej nocować,0,2,0%,1
what to see in mondello,0,2,0%,1
how far is mondello from palermo,0,2,0%,1.5
ja,0,2,0%,1.5
wijken palermo,0,2,0%,1.5
de bellini apartments palermo,0,2,0%,2
distance from palermo to mondello beach,0,2,0%,2
modern apartments in palermo,0,2,0%,2
palermo dangerous areas,0,2,0%,2
palermo sehenswürdigkeiten karte,0,2,0%,2
palermo to mondello bus time,0,2,0%,2
quartier a eviter a palerme,0,2,0%,2
villa igiea palermo hotel,0,2,0%,2
best hotels in palermo sicily tripadvisor,0,2,0%,2.5
la kalsa palermo,0,2,0%,2.5
palerme,0,2,0%,2.5
palermo sicily,0,2,0%,2.5
palermo to mondello,0,2,0%,2.5
quartiers palerme,0,2,0%,2.5
que ver en palermo,0,2,0%,2.5
barrios de palermo sicilia,0,2,0%,3
beaches near palermo,0,2,0%,3
kapuzinergruft palermo,0,2,0%,3
mondello italy,0,2,0%,3
mondello palerme,0,2,0%,3
nice beaches near palermo,0,2,0%,3
palermo chico mapa,0,2,0%,3
palermo habitantes,0,2,0%,3
palermo soho,0,2,0%,3
palermo stadtteile meiden,0,2,0%,3
palermo strand,0,2,0%,3
монделло,0,2,0%,3
"""quattro canti apartments"" palermo",0,2,0%,3.5
barrio de palermo,0,2,0%,3.5
palermo guide book,0,2,0%,3.5
where to stay in palermo safe,0,2,0%,3.5
hotel ucciardhome palermo,0,2,0%,4
hotels in mondello sicily,0,2,0%,4
houses for lodging palermo sicily italy,0,2,0%,4
mercure palermo centro reviews,0,2,0%,4
moze,0,2,0%,4
"what hotels are available in palermo historical center, palermo, sicily, 
italy?",0,2,0%,4
mondello beach sicily,0,2,0%,4.5
palermo sehenswürdigkeiten,0,2,0%,4.5
wetter palermo,0,2,0%,4.5
hotels in mondello beach palermo sicily italy,0,2,0%,5
отели в пралормо,0,2,0%,5
donde dormir en palermo,0,2,0%,5.5
dove alloggiare?,0,2,0%,5.5
grand hotel et des palmes palermo,0,2,0%,5.5
palermo politeama area,0,2,0%,5.5
"""palazzo de gregorio"" apartments palermo",0,2,0%,6
into palermo b&b,0,2,0%,6
palermo urlaub,0,2,0%,6
palermo districts map,0,2,0%,6.5
palermo official website,0,2,0%,7
гостиницы в палермо,0,2,0%,7
bed and breakfast palermo centro,0,2,0%,8.5
palermo district,0,2,0%,8.5
hotel di palermo,0,2,0%,9.5
palermo tourist guide,0,2,0%,10
location 10 palermo,0,2,0%,10.5
palmero hotels,0,2,0%,10.5
palermo safe for tourists,0,2,0%,11.5
via maqueda,0,2,0%,11.5
"""al massimo apartment"" palermo",0,2,0%,12
best hotels in palermo centro storico,0,2,0%,12
near rooms to me,0,2,0%,12
modern new apartment in palermo,0,2,0%,12.5
best area to stay in palermo reddit,0,2,0%,13
hotel politeama,0,2,0%,13
palermo cheap accommodation,0,2,0%,13
trendy apartments in palermo,0,2,0%,13.5
palermo central stay,0,2,0%,14
"hotels in palermo, sicily, italy",0,2,0%,15.5
hotels in palermo historical center palermo sicily italy,0,2,0%,16
palermo beachfront hotels,0,2,0%,19
hotel with relaxing area palermo,0,2,0%,19.5
cheap hotels in palermo coast,0,2,0%,20
palermo where,0,2,0%,20.5
family apartments in palermo - by buerentals,0,2,0%,21
hotel first palermo,0,2,0%,23
nicest hotels in palermo,0,2,0%,23.5
location palermo,0,2,0%,24
sicily hotel palermo,0,2,0%,26.5
luxury hotels near palermo,0,2,0%,29
hotel in palermo city centre,0,2,0%,30.5
5 star hotels palermo,0,2,0%,31
top hotels in palermo sicily,0,2,0%,33
โรงแรมย่านdowntown เปโตรลินา,0,2,0%,34.5
"5 star hotels in palermo, sicily",0,2,0%,38.5
hotels in palermo with parking,0,2,0%,39
palermo hotels with parking,0,2,0%,39
best area to stay sicily,0,2,0%,39.5
palermo smještaj,0,2,0%,40
palermo 5 star hotels,0,2,0%,40.5
rooms palermo,0,2,0%,41
where is palermo sicily,0,2,0%,41.5
hotel buena ubicación en palermo,0,2,0%,44.5
best resorts palermo,0,2,0%,45
nightlife in palermo sicily,0,2,0%,45.5
โรงแรมย่านdowntown มากาปา ราคาถูก,0,2,0%,45.5
palermo city centre,0,2,0%,49
"best hotels in palermo, sicily",0,2,0%,51.5
where to stay in sicily italy,0,2,0%,54.5
hotel deals palermo,0,2,0%,55.5
living in palermo italy,0,2,0%,56.5
palermo rooms,0,2,0%,60
living in palermo,0,2,0%,63
best hotels near palermo sicily,0,2,0%,64.5
where to stay in sicily best areas,0,2,0%,67.5
palermo historic center,0,2,0%,69.5
booking com palermo,0,2,0%,76.5
mondello beach palermo hotels,0,2,0%,77
boutique hotels palermo italy,0,2,0%,78.5
hotels in palermo buenos aires,0,2,0%,81
palermo vacation rental,0,2,0%,85
90144 palermo,0,1,0%,1
a palermo,0,1,0%,1
airbnb in palermo sicily,0,1,0%,1
b&b a palermo,0,1,0%,1
b&b centro palermo,0,1,0%,1
beach in palermo,0,1,0%,1
bed and breakfast palermo,0,1,0%,1
"best airbnb palermo, sicily",0,1,0%,1
best beach in palermo,0,1,0%,1
best beach towns near palermo,0,1,0%,1
best neighborhoods in palermo sicily,0,1,0%,1
booking com palermo sicily,0,1,0%,1
brancaccio,0,1,0%,1
brancaccio palermo dangerous,0,1,0%,1
buenos aires safest neighborhoods,0,1,0%,1
casa palermo,0,1,0%,1
coliving palermo,0,1,0%,1
crime rate in palermo sicily,0,1,0%,1
hilton hotel palermo,0,1,0%,1
hilton hotel palermo sicily,0,1,0%,1
hotel near palermo quartiere borgo vecchio,0,1,0%,1
hotel politeama palermo maps,0,1,0%,1
hotels near palermo airport with shuttle,0,1,0%,1
idealista,0,1,0%,1
is palermo soho safe,0,1,0%,1
kalsa district,0,1,0%,1
liberta palermo,0,1,0%,1
mondello bay,0,1,0%,1
mondello to palermo taxi cost,0,1,0%,1
monthly rentals palermo sicily,0,1,0%,1
nachts in palermo,0,1,0%,1
news palermo,0,1,0%,1
niebezpieczne dzielnice palermo,0,1,0%,1
old town mondello sicily,0,1,0%,1
où loger à palerme,0,1,0%,1
palerme quartier,0,1,0%,1
palermo b and b,0,1,0%,1
palermo beach mondello,0,1,0%,1
palermo beaches,0,1,0%,1
palermo bene,0,1,0%,1
palermo family hotel,0,1,0%,1
palermo historical center,0,1,0%,1
palermo italy things to do,0,1,0%,1
palermo mare,0,1,0%,1
palermo nightclubs,0,1,0%,1
palermo politeama,0,1,0%,1
palermo streets,0,1,0%,1
palermo szállás,0,1,0%,1
palermo things to do,0,1,0%,1
palermo zone,0,1,0%,1
pliteama,0,1,0%,1
politeama libertà,0,1,0%,1
politeama-libertà,0,1,0%,1
rentals in palermo italy,0,1,0%,1
spiaggia mondello,0,1,0%,1
stadtteile palermo,0,1,0%,1
taxi palermo mondello,0,1,0%,1
things to do in palermo italy,0,1,0%,1
ubytovanie,0,1,0%,1
via ruggero settimo palermo,0,1,0%,1
waar overnachten,0,1,0%,1
zen palermo dangerous,0,1,0%,1
διαμονή,0,1,0%,1
είναι ασφαλής,0,1,0%,1
adimura rooms palermo reviews,0,1,0%,2
airport hotel palermo,0,1,0%,2
alermo hotel,0,1,0%,2
ano,0,1,0%,2
casas en venta en palermo italia,0,1,0%,2
cefalu to mondello,0,1,0%,2
co zwiedzić w palermo,0,1,0%,2
como ir de palermo a mondello,0,1,0%,2
distance palerme mondello,0,1,0%,2
el tiempo cerca de palermo,0,1,0%,2
el tiempo palermo,0,1,0%,2
hilton palermo,0,1,0%,2
holidays to mondello,0,1,0%,2
hotel palermo palermo,0,1,0%,2
hoteles en palermo sicilia italia,0,1,0%,2
how far is mondello beach from palermo,0,1,0%,2
how far is mondello from palermo airport,0,1,0%,2
idealista palermo rent,0,1,0%,2
is palermo veilig,0,1,0%,2
jak dojechac z palermo do mondello,0,1,0%,2
kalsa palerme,0,1,0%,2
kalsa palermo,0,1,0%,2
lotnisko palermo,0,1,0%,2
mondello beach directions,0,1,0%,2
mondello beach palermo sandy shallow family friendly,0,1,0%,2
mondello beach rooms,0,1,0%,2
mondello cefalu,0,1,0%,2
mondello italia,0,1,0%,2
mondello jak dojechać z palermo,0,1,0%,2
mondello palerme distance,0,1,0%,2
mondello sicilia,0,1,0%,2
mondello to palermo bus,0,1,0%,2
mondelo sicilia,0,1,0%,2
nh palermo reviews,0,1,0%,2
nombre d'habitants à palerme,0,1,0%,2
odległość palermo taormina,0,1,0%,2
orto botanico palermo,0,1,0%,2
palerme plage,0,1,0%,2
palerme plage mondello,0,1,0%,2
palermo apartment rental price,0,1,0%,2
palermo castle two theaters nearby,0,1,0%,2
palermo centrum,0,1,0%,2
palermo czy jest bezpiecznie,0,1,0%,2
palermo forum,0,1,0%,2
palermo hilton,0,1,0%,2
palermo mondello bus,0,1,0%,2
palermo powierzchnia,0,1,0%,2
palermo soho vs hollywood,0,1,0%,2
palermo stadtteile karte,0,1,0%,2
palermo taormina odległość,0,1,0%,2
palermo to mondello bus,0,1,0%,2
palermo to mondello driving time,0,1,0%,2
palermo ubytovanie,0,1,0%,2
palermo unterkunft,0,1,0%,2
palermo wetter februar,0,1,0%,2
palermo zonas,0,1,0%,2
plage mondello,0,1,0%,2
plage mondello palerme,0,1,0%,2
quartier dangereux palerme,0,1,0%,2
quartier de palermo,0,1,0%,2
rentals palermo,0,1,0%,2
secret escapes palermo,0,1,0%,2
si,0,1,0%,2
top 10 palermo,0,1,0%,2
via amari,0,1,0%,2
visiter palerme en 1 jour,0,1,0%,2
visiter palerme en 4 jours,0,1,0%,2
vivre a palerme,0,1,0%,2
weather in palermo italy today,0,1,0%,2
wheres palermo,0,1,0%,2
zona de palermo buenos aires,0,1,0%,2
монделло пляж,0,1,0%,2
палермо достопримечательности,0,1,0%,2
apartments for rent in palermo italy,0,1,0%,3
ausgehviertel palermo,0,1,0%,3
best neighborhoods in palermo,0,1,0%,3
borgo vecchio palermo,0,1,0%,3
co zobaczyc w mondello,0,1,0%,3
deluxe apartments in palermo,0,1,0%,3
gdzie tanio zjeść w palermo,0,1,0%,3
hotel at palermo airport,0,1,0%,3
hotel in mondello sicily,0,1,0%,3
hotel porta felice photos,0,1,0%,3
houses for rent in palermo italy,0,1,0%,3
ile ludzi mieszka w palermo,0,1,0%,3
imagenes de palermo,0,1,0%,3
is palermo part of italy,0,1,0%,3
italien palermo,0,1,0%,3
kalsa district palermo,0,1,0%,3
la vucciria palerme,0,1,0%,3
lagos de palermo de noche,0,1,0%,3
mapa palermo z atrakcjami,0,1,0%,3
marriott hotels palermo sicily,0,1,0%,3
mercado ballaro palermo,0,1,0%,3
mercure palermo centro photos,0,1,0%,3
mondello beach italy,0,1,0%,3
mondello sicily map,0,1,0%,3
mondello wetter,0,1,0%,3
mondelo italy,0,1,0%,3
monreale catedral,0,1,0%,3
monreale italy,0,1,0%,3
monte pellegrino palermo,0,1,0%,3
onde se hospedar em palermo sicilia,0,1,0%,3
palermo bs as,0,1,0%,3
palermo clubs,0,1,0%,3
palermo co zobaczyć w 3 dni,0,1,0%,3
palermo en sicilia,0,1,0%,3
palermo hollywood,0,1,0%,3
palermo home rentals,0,1,0%,3
palermo hotel zentrum,0,1,0%,3
palermo italia by natalia,0,1,0%,3
palermo pogoda luty,0,1,0%,3
palermo sehenswürdigkeiten top 10,0,1,0%,3
palermo smestaj,0,1,0%,3
palermo stadtteile,0,1,0%,3
palermo wo wohnen,0,1,0%,3
palermo wohnung mieten,0,1,0%,3
población de palermo,0,1,0%,3
prowincja palermo,0,1,0%,3
pslermo,0,1,0%,3
quartier ballaro palerme,0,1,0%,3
quartier kalsa palerme carte,0,1,0%,3
quartiers de palerme,0,1,0%,3
que ver en palermo en 3 días,0,1,0%,3
spiaggia di mondello,0,1,0%,3
stadswandeling palermo,0,1,0%,3
stedentrip palermo,0,1,0%,3
suite in center palermo,0,1,0%,3
tanie loty warszawa palermo,0,1,0%,3
villas to rent in palermo sicily,0,1,0%,3
wo in palermo übernachten,0,1,0%,3
wo wohnen in palermo,0,1,0%,3
zone tranquille,0,1,0%,3
ναι,0,1,0%,3
палермо безопасность,0,1,0%,3
палермо или катания,0,1,0%,3
палермо пляжи,0,1,0%,3
палермо что посмотреть,0,1,0%,3
что посмотреть в палермо,0,1,0%,3
что посмотреть в палермо за 3 дня,0,1,0%,3
airbnb palermo italy,0,1,0%,4
alma hotel palermo reviews,0,1,0%,4
arenella palermo,0,1,0%,4
ausflüge palermo,0,1,0%,4
casa professa palerme,0,1,0%,4
dzielnica zen palermo,0,1,0%,4
guide palermo,0,1,0%,4
hotel palerme centre,0,1,0%,4
hotel porta felice & spa,0,1,0%,4
hotel porta felice palermo,0,1,0%,4
hotel villa d amato,0,1,0%,4
la kalsa palerme,0,1,0%,4
modern & new apartment in palermo,0,1,0%,4
mondello centre ville,0,1,0%,4
monte pellegrino,0,1,0%,4
my palermo,0,1,0%,4
open sicily homes palermo,0,1,0%,4
palermo (buenos aires),0,1,0%,4
palermo bezienswaardigheden,0,1,0%,4
palermo ca,0,1,0%,4
palermo hotel am strand,0,1,0%,4
palermo informacje,0,1,0%,4
palermo italy luxury hotels,0,1,0%,4
palermo to favignana day trip,0,1,0%,4
palermo vakantie,0,1,0%,4
palermo wetter,0,1,0%,4
palermo z dzieckiem,0,1,0%,4
palermo погода,0,1,0%,4
piazza marina,0,1,0%,4
politeama palermo,0,1,0%,4
praca palermo,0,1,0%,4
quartier kalsa palerme,0,1,0%,4
region palermo,0,1,0%,4
resorts in palermo sicily,0,1,0%,4
sehenswürdigkeiten palermo,0,1,0%,4
tiempo en palermo,0,1,0%,4
tiempo en palermo italia,0,1,0%,4
was muss man in palermo gesehen haben,0,1,0%,4
weer in palermo,0,1,0%,4
wo übernachten in palermo,0,1,0%,4
палермо погода,0,1,0%,4
airbnb mondello palermo,0,1,0%,5
capilla palatina de palermo,0,1,0%,5
city center palermo,0,1,0%,5
hotel palerme centre historique,0,1,0%,5
hébergement palerme,0,1,0%,5
iglesia martorana palermo,0,1,0%,5
info palerme en direct,0,1,0%,5
katedra w palermo,0,1,0%,5
liberty hotel palermo,0,1,0%,5
mercure palermo,0,1,0%,5
mondello sicily restaurants,0,1,0%,5
nh palermo,0,1,0%,5
ou dormir a palerme,0,1,0%,5
palazzo del poeta palermo,0,1,0%,5
palermo smeštaj,0,1,0%,5
palermo wohnung kaufen,0,1,0%,5
politeama hotel palermo,0,1,0%,5
pronostico palermo italia,0,1,0%,5
where is the best place,0,1,0%,5
where to stay in,0,1,0%,5
wohnung in palermo kaufen,0,1,0%,5
"""teatro massimo city center apartments"" palermo",0,1,0%,6
ballaro guest house palermo,0,1,0%,6
delle vittorie palermo,0,1,0%,6
good accommodation,0,1,0%,6
historic centre palermo,0,1,0%,6
hotel carlo felice sassari staff reviews,0,1,0%,6
is palermo a big city,0,1,0%,6
mejores bares de palermo,0,1,0%,6
office du tourisme palerme,0,1,0%,6
best restaurants mondello sicily,0,1,0%,7
hoteis palermo,0,1,0%,7
hotel garibaldi palermo,0,1,0%,7
iglesia de la martorana palermo,0,1,0%,7
ou dormir à palerme,0,1,0%,7
palazzo natoli boutique hotel,0,1,0%,7
palermo in suite aparthotel,0,1,0%,7
palermo overnachten,0,1,0%,7
plaza mondelo,0,1,0%,7
pogoda palermo,0,1,0%,7
quattro canti,0,1,0%,7
tribunali o kalsa,0,1,0%,7
villa igiea hotel palermo,0,1,0%,7
zone palermo,0,1,0%,7
discover palermo,0,1,0%,8
gerne,0,1,0%,8
hotel vecchio borgo,0,1,0%,8
hotel vittoria palermo,0,1,0%,8
politeama sicily,0,1,0%,8
restaurant palermo altstadt,0,1,0%,8
100 дней в палермо,0,1,0%,9
best area,0,1,0%,9
best guest houses near me,0,1,0%,9
big world small pockets sicily best places to stay,0,1,0%,9
hospedaje palermo,0,1,0%,9
hotel president palermo,0,1,0%,9
i love palermo,0,1,0%,9
is palermo safe for tourists,0,1,0%,9
lodging in palermo sicily,0,1,0%,9
meilleurs hôtels dans le centre historique de palerme en sicile,0,1,0%,9
vacation rentals palermo sicily italy,0,1,0%,9
zonas palermo,0,1,0%,9
"""palermo in suite aparthotel"" palermo",0,1,0%,10
albergo athenaeum palermo,0,1,0%,10
apartments for rent palermo italy,0,1,0%,10
best areas to stay in sicily for tourists 2025,0,1,0%,10
best western palermo sicily,0,1,0%,10
cyklon harry palermo,0,1,0%,10
palermo centro storico hotels,0,1,0%,10
palermo sicily travel guide 2026,0,1,0%,10
travel guide palermo,0,1,0%,10
palermo city trip,0,1,0%,11
weekend getaways near me,0,1,0%,11
zona favorita palermo,0,1,0%,11
best place to,0,1,0%,12
best places to stay,0,1,0%,12
book palermo,0,1,0%,12
central palermo,0,1,0%,12
"hotels in palermo, sicily",0,1,0%,12
"palermo, sicily",0,1,0%,12
tourism palermo,0,1,0%,12
what is palermo,0,1,0%,12
отели с бассейном в палермо,0,1,0%,12
eventos gratis hoy noche,0,1,0%,13
"hotels in palermo, italy",0,1,0%,13
palermo main street,0,1,0%,13
politeama palerme,0,1,0%,13
trips to palermo sicily,0,1,0%,13
best hotels in palermo city center,0,1,0%,14
brancaccio palerme,0,1,0%,14
hotels in central palermo,0,1,0%,14
palermo airport accommodation,0,1,0%,14
palermo city hotels,0,1,0%,14
hotela,0,1,0%,15
palmero sicily,0,1,0%,15
sve me zanima,0,1,0%,15
hotel in palermo centro,0,1,0%,16
hotel mejor ubicación en palermo,0,1,0%,16
cheap accommodation palermo,0,1,0%,17
no shade,0,1,0%,17
alojarse en palermo,0,1,0%,18
hotel melhor localização palermo,0,1,0%,19
palermo centro storico neighborhood origin,0,1,0%,19
city breaks palermo,0,1,0%,20
liberta district palermo,0,1,0%,20
modern & luxury apartments in palermo,0,1,0%,20
4-star hotel in palermo with day use,0,1,0%,21
better and better palermo,0,1,0%,21
hotel day use palermo,0,1,0%,21
palermo holiday apartments,0,1,0%,21
hotels palermo sicily beach,0,1,0%,23
quattro canti hotel palermo,0,1,0%,23
mondello palace hotel,0,1,0%,24
where to stay in palermo with kids,0,1,0%,24
4 star hotel palermo city,0,1,0%,26
family affair b&b palermo,0,1,0%,26
villa igiea,0,1,0%,26
5 star palermo hotels,0,1,0%,28
is palermo sicily safe,0,1,0%,28
palermo italy tripadvisor,0,1,0%,28
4 star hotel offers palermo,0,1,0%,29
luxury hotel in palermo,0,1,0%,30
is palermo dangerous,0,1,0%,31
is palermo a party city,0,1,0%,32
luxury hotels near palermo sicily,0,1,0%,32
5 star hotels in palermo sicily near beach,0,1,0%,34
best area of sicily to stay,0,1,0%,34
best place to stay in sicily beach,0,1,0%,34
hotel palermo airport,0,1,0%,34
best hotels palermo old town,0,1,0%,35
hoteller palermo,0,1,0%,35
where is palermo italy,0,1,0%,35
hotel palermo deals,0,1,0%,36
luxury hotels in palermo sicily near beach,0,1,0%,39
โรงแรมใกล้ดูชานเบ cathedral,0,1,0%,39
best city to stay in sicily,0,1,0%,40
best areas of sicily to stay,0,1,0%,41
palermo shopping street,0,1,0%,41
palermo dangerous,0,1,0%,42
ubytovanie palermo,0,1,0%,42
palermo beach hotel,0,1,0%,43
sicílie palermo,0,1,0%,43
dove dormire a palermo centro,0,1,0%,44
hotel palermo italia,0,1,0%,45
mazzini suite palermo,0,1,0%,45
tyre hotel palermo,0,1,0%,45
โรงแรมแถวดูชานเบ central station,0,1,0%,45
โรงแรมใกล้ดูชานเบ old town ราคาถูก,0,1,0%,45
palermo hotels on the beach,0,1,0%,46
palermo sicily boutique hotels,0,1,0%,46
where is the best place to stay in sicily,0,1,0%,46
palermo hotels tripadvisor,0,1,0%,47
palermo noclegi,0,1,0%,47
accommodation in sicily palermo,0,1,0%,49
تعليقات حول mondello مونديلو,0,1,0%,49
winter lullaby grand hotel,0,1,0%,51
5-star hotels in palermo,0,1,0%,53
dove dormire palermo,0,1,0%,53
palermo cheap hotels,0,1,0%,53
ที่พักแถวdowntown มาร์ เดล ปลาตา,0,1,0%,53
hotel barato palermo,0,1,0%,55
โรงแรมย่านdowntown มากาปา,0,1,0%,55
where to stay sicily,0,1,0%,56
best place to live in sicily italy,0,1,0%,57
luck and magic boutique hotel,0,1,0%,58
palermo accommodation with pool,0,1,0%,58
โรงแรมแถวdowntown มากาปา,0,1,0%,59
palermo italy booking,0,1,0%,60
where is palermo in sicily,0,1,0%,61
best places to live in sicily,0,1,0%,65
palermo beach hotels,0,1,0%,65
town of palermo maine,0,1,0%,65
where is palermo located in italy,0,1,0%,65
vacation palermo italy,0,1,0%,66
cheap hotel palermo,0,1,0%,67
cities near palermo,0,1,0%,67
dormire a palermo,0,1,0%,67
hotel en palermo,0,1,0%,67
best places to live in sicily italy,0,1,0%,68
dove alloggiare a palermo,0,1,0%,68
where is best to stay in sicily,0,1,0%,68
room breakfast zero palermo,0,1,0%,69
best location to stay in sicily,0,1,0%,71
hilton sicily palermo,0,1,0%,71
palermo hotel italy,0,1,0%,71
5 star hotels palermo italy,0,1,0%,73
best hotels in buenos aires palermo,0,1,0%,73
cheap hotel in palermo,0,1,0%,74
5 star hotels palermo sicily,0,1,0%,75
sicily best places to stay,0,1,0%,77
alloggiare a palermo,0,1,0%,79
guesthouse city center,0,1,0%,79
boutique hotels sicily palermo,0,1,0%,81
nightlife palermo,0,1,0%,82
vacation rentals palermo sicily,0,1,0%,82
palermo breaks,0,1,0%,84
pick a side and stay there,0,1,0%,91
5 star hotels palermo city centre,0,1,0%,92
palermo italy nightlife,0,1,0%,93
is palermo buenos aires safe,0,1,0%,94
where can i buy a quality top under £100?,0,1,0%,96
hostels in palermo italy,0,1,0%,98
hotéis de última hora em sicily,0,1,0%,99