Top queries,Last 3 months Clicks,Previous 3 months Clicks,Last 3 months Impressions,Previous 3 months Impressions,Last 3 months CTR,Previous 3 months CTR,Last 3 months Position,Previous 3 months Position
where to stay in palermo,63,48,3571,2510,1.76%,1.91%,8.24,8.7
where to stay palermo,15,11,574,268,2.61%,4.1%,8.3,8.38
palermo where to stay,12,9,691,390,1.74%,2.31%,7.56,7.6
we are palermo,12,15,340,382,3.53%,3.93%,1.01,1.01
best area to stay in palermo,10,7,920,715,1.09%,0.98%,7.46,8.22
where to stay in palermo sicily,9,7,760,699,1.18%,1%,7.64,8.02
wearepalermo,6,3,147,77,4.08%,3.9%,1.01,1
palermo best area to stay,4,1,103,72,3.88%,1.39%,6.25,5.6
best place to stay in palermo,3,0,592,362,0.51%,0%,9.68,9.1
best area to stay in palermo sicily,3,5,349,350,0.86%,1.43%,8.74,8.22
best areas to stay in palermo,3,3,345,239,0.87%,1.26%,7.24,6.82
hotels in palermo,3,0,318,616,0.94%,0%,41.81,43.33
best places to stay in palermo,3,3,206,156,1.46%,1.92%,9.96,11.38
best area to stay in palermo first time,3,2,181,271,1.66%,0.74%,7.76,6.99
best place to stay in palermo sicily,3,2,161,148,1.86%,1.35%,8.29,8.95
palermo,3,2,87,11288,3.45%,0.02%,5.67,12.76
mondello,3,0,78,6,3.85%,0%,2.97,4.33
which area to stay in palermo,3,0,61,9,4.92%,0%,6.18,6.89
palermo hotels,2,1,500,632,0.4%,0.16%,40.06,42.96
hotels in palermo sicily,2,0,263,416,0.76%,0%,27.39,21.16
accommodation palermo sicily,2,0,245,145,0.82%,0%,18.86,21.55
where to stay near palermo,2,0,155,78,1.29%,0%,9.27,9.71
palermo accomodation,2,1,116,76,1.72%,1.32%,13.06,12.16
best places to stay in palermo sicily,2,2,96,101,2.08%,1.98%,10.5,11.72
what area to stay in palermo,2,1,65,8,3.08%,12.5%,7.06,5.88
best hotels palermo,2,0,56,110,3.57%,0%,24.91,22.14
where to stay palermo sicily,2,3,54,59,3.7%,5.08%,9.07,10.59
staying in palermo,2,2,49,46,4.08%,4.35%,4.55,6.39
palermo best places to stay,2,0,26,45,7.69%,0%,10.42,10.36
palermo accommodation,1,2,1111,927,0.09%,0.22%,15.36,14.95
best neighborhoods to stay in palermo,1,0,215,74,0.47%,0%,7.62,7.41
palermo places to stay,1,1,202,53,0.5%,1.89%,13.37,15.66
best part of palermo to stay,1,2,124,87,0.81%,2.3%,7.31,5.86
best area to stay palermo,1,2,118,106,0.85%,1.89%,7.12,5.65
where to stay in palermo italy,1,4,102,121,0.98%,3.31%,10.03,13.8
palermo old town,1,0,92,27,1.09%,0%,17.03,11.63
safest area to stay in palermo,1,0,81,132,1.23%,0%,6.95,6.82
best area in palermo to stay,1,1,72,56,1.39%,1.79%,6.86,6.75
best area to stay in palermo italy,1,0,71,71,1.41%,0%,8.27,7.55
hotels palermo,1,0,59,56,1.69%,0%,33.32,42.29
where to stay in palermo with a car,1,0,54,102,1.85%,0%,9.13,9.02
palermo best place to stay,1,0,50,0,2%,0%,8.22,0
albergheria palermo safety,1,1,47,38,2.13%,2.63%,8.28,7.42
areas to avoid in palermo,1,1,46,44,2.17%,2.27%,17.39,20.66
where should i stay in palermo,1,0,44,0,2.27%,0%,7.07,0
where is the best area to stay in palermo,1,0,43,9,2.33%,0%,7.26,7
where to stay in palermo for first time,1,0,37,59,2.7%,0%,8.43,6.29
staying in palermo sicily,1,0,34,0,2.94%,0%,2.71,0
palerme quartier à éviter,1,0,18,11,5.56%,0%,1.89,1.91
where not to stay in palermo,1,0,17,23,5.88%,0%,8.94,12.22
palermo boutique hotels,1,0,10,27,10%,0%,30,26.22
palermo mondello,1,0,7,0,14.29%,0%,2.14,0
quartier palerme,1,0,6,0,16.67%,0%,3,0
palermo boende,1,0,3,0,33.33%,0%,61,0
jak dojechać z palermo do mondello,1,0,2,0,50%,0%,2,0
tourist map of palermo,1,0,2,0,50%,0%,5,0
libertà,1,0,2,0,50%,0%,8.5,0
palermo news,1,0,1,2,100%,0%,1,4.5
buenos aires palermo,1,0,1,0,100%,0%,2,0
mercado de ballarò palermo,1,0,1,0,100%,0%,2,0
vrbo palermo sicily,1,0,1,0,100%,0%,2,0
centre historique palerme,1,0,1,0,100%,0%,3,0
palermp,1,0,1,6,100%,0%,3,12.83
temperatura palermo marzec,1,0,1,0,100%,0%,3,0
map of palermo sicily,1,0,1,1,100%,0%,4,13
marcin sukiennik palermo,1,0,1,0,100%,0%,7,0
accommodation in palermo,0,1,373,196,0%,0.51%,15.16,16.98
best hotels in palermo,0,0,316,709,0%,0%,25.01,24.34
accommodation in palermo sicily,0,1,302,280,0%,0.36%,16.08,17.36
best apartments palermo historic center private parking,0,0,282,0,0%,0%,10.87,0
accommodation palermo,0,1,220,214,0%,0.47%,16.13,15.63
places to stay in palermo,0,0,145,232,0%,0%,19.55,17.9
hotels b&b sale palermo,0,0,145,81,0%,0%,53.62,49.2
hotel best location palermo,0,0,113,97,0%,0%,11.92,10.69
best area of palermo to stay,0,0,106,48,0%,0%,7.14,6.17
hotels in palermo italy,0,0,101,127,0%,0%,32.35,33.83
hotels near palermo,0,0,98,177,0%,0%,37.22,37.46
best areas to stay in palermo sicily,0,2,97,72,0%,2.78%,8.18,7.99
best location to stay in palermo,0,1,84,76,0%,1.32%,10.54,7.33
palermo to mondello beach,0,0,81,1,0%,0%,1.05,1
hotels in palermo sicily near beach,0,0,81,320,0%,0%,24.56,14.84
best place to stay palermo,0,1,75,67,0%,1.49%,8.4,8.79
palermo area,0,0,74,172,0%,0%,5.86,4.95
where is the best place to stay in palermo,0,0,74,9,0%,0%,8,6.78
hotels in palermo city center,0,0,70,126,0%,0%,16.31,15.54
mondello beach,0,0,69,0,0%,0%,1.71,0
is palermo safe,0,0,67,117,0%,0%,37.06,30.95
best hotel palermo,0,0,65,144,0%,0%,21.54,20.61
lodging in palermo,0,0,63,33,0%,0%,16.38,17.27
accomodation in palermo,0,1,61,23,0%,4.35%,12.8,13.35
best area to stay palermo sicily,0,0,60,1,0%,0%,7.78,7
palermo accommodation sicily,0,0,59,4,0%,0%,15.71,23
accomodation palermo,0,0,58,19,0%,0%,15.21,10
best neighborhood to stay in palermo,0,0,57,62,0%,0%,9.7,9.84
where is palermo,0,0,57,82,0%,0%,17.74,14.59
places to stay in palermo sicily,0,0,56,30,0%,0%,13.38,14.33
stay in palermo,0,0,52,145,0%,0%,6.37,20.98
best place to stay near palermo,0,0,52,75,0%,0%,9,9.44
"what are some hotels in palermo, sicily, italy?",0,0,50,4,0%,0%,1.44,1
hotels near palermo airport,0,0,50,55,0%,0%,26.5,26.62
top hotels in palermo,0,0,50,147,0%,0%,30.16,23.19
palermo sicily accommodation,0,0,49,59,0%,0%,15,15.36
palermo italy accommodation,0,0,49,41,0%,0%,15.39,16.49
hotels in palermo sicily italy,0,0,49,29,0%,0%,26.96,42.28
best areas to stay palermo,0,0,48,14,0%,0%,8.04,6.86
best places to stay near palermo,0,0,46,17,0%,0%,9.83,11.06
best hotels in palermo italy,0,1,46,91,0%,1.1%,24.28,23.81
best hotel in palermo,0,0,45,62,0%,0%,23.62,22.06
فنادق باليرمو,0,0,44,110,0%,0%,42.09,10.78
what is the best area to stay in palermo,0,0,41,9,0%,0%,7.07,7.11
palermo guide,0,0,39,163,0%,0%,6.49,5.6
where to stay in palermo?,0,1,39,14,0%,7.14%,8.1,7.21
accommodation sicily palermo,0,0,39,0,0%,0%,13.67,0
alojamiento en palermo,0,0,38,3,0%,0%,13.47,13
palermo hotel,0,0,37,67,0%,0%,38.49,37.52
mondello sicily,0,0,36,0,0%,0%,2.81,0
best areas to stay in palermo italy,0,0,35,18,0%,0%,8.29,9.39
palermo best hotels,0,0,35,58,0%,0%,20.94,18.4
guide to palermo,0,0,34,14,0%,0%,8.65,6.29
ain khudra الفنادق الموجودة بالقرب من,0,0,33,0,0%,0%,28.97,0
where to stay in sicily,0,0,33,26,0%,0%,73.15,70.38
"what hotels are available in palermo, sicily, italy?",0,0,32,21,0%,0%,1,1
palermo best areas to stay,0,0,32,8,0%,0%,6.78,6.88
places to stay in palermo italy,0,0,32,37,0%,0%,12.53,12.05
places to stay palermo,0,0,31,23,0%,0%,12.74,14.65
hotel in palermo,0,0,31,31,0%,0%,44.77,43.32
best places to stay in palermo italy,0,0,30,33,0%,0%,11.53,14.61
palermo sicily where to stay,0,0,29,0,0%,0%,6.76,0
hotel near palermo airport,0,0,29,34,0%,0%,22.14,27.38
where to stay in palermo old town,0,2,28,161,0%,1.24%,3.96,7.37
where to stay in palmero,0,0,28,0,0%,0%,6.93,0
palermo lodging,0,0,28,38,0%,0%,21.68,17.61
best hotels in palermo sicily,0,0,28,38,0%,0%,35.04,35.84
hotel palermo,0,0,28,59,0%,0%,51.71,35.83
best place to stay in palermo italy,0,0,25,26,0%,0%,9.72,11.69
where to sleep in palermo,0,0,25,28,0%,0%,9.8,7.68
best areas to stay in palermo sicily neighborhoods,0,0,25,0,0%,0%,10.96,0
where to stay near palermo airport,0,0,25,24,0%,0%,11.76,12
hotels palermo sicily,0,0,25,57,0%,0%,30.2,23.39
palermo italy hotels,0,0,24,48,0%,0%,31.21,34.31
best place to stay in sicily,0,0,24,31,0%,0%,75.33,76.26
best places to stay near palermo sicily,0,0,23,1,0%,0%,12.74,19
where to stay in palermo near beach,0,0,23,0,0%,0%,14.48,0
luxury hotel palermo,0,0,23,65,0%,0%,26.91,33.05
palermo sicily hotels,0,0,23,40,0%,0%,29.87,42.38
best palermo hotels,0,0,23,51,0%,0%,31.26,21.31
best apartments palermo old town with private parking,0,0,22,0,0%,0%,11,0
best places to stay palermo,0,0,22,40,0%,0%,12.09,12.12
accommodation palermo italy,0,0,22,24,0%,0%,15.82,14.79
best hotels palermo italy,0,0,22,22,0%,0%,27.09,29.95
hotels in sicily palermo,0,0,22,44,0%,0%,29.64,37.52
old town palermo sicily,0,0,22,2,0%,0%,48.27,66.5
5 star hotels in palermo,0,0,22,112,0%,0%,51.64,37.89
hotel mejor ubicacion palermo,0,0,21,6,0%,0%,14,14.33
5 star hotels in palermo sicily,0,0,20,42,0%,0%,51.25,52.6
palermo holiday guide,0,0,19,10,0%,0%,8,6.9
mejor zona de palermo para alojarse,0,0,19,1,0%,0%,8.32,10
mejor zona para alojarse en palermo sicilia,0,0,19,24,0%,0%,8.32,10.04
best hotel near palermo airport,0,0,19,53,0%,0%,19.32,22.13
palermo travel guide,0,0,18,86,0%,0%,8.06,8.73
best hotel in palermo sicily,0,0,18,30,0%,0%,33.89,36.8
mercure palermo centro location,0,0,17,1,0%,0%,9.65,8
hotels near palermo airport sicily,0,0,17,15,0%,0%,21.94,59.4
luxury hotels palermo italy,0,0,17,25,0%,0%,25.88,30
old town palermo,0,0,17,2,0%,0%,26.06,41.5
palermo official tourism website,0,0,16,0,0%,0%,10,0
palermo stay,0,0,16,4,0%,0%,13.56,7.75
lodging palermo,0,0,16,15,0%,0%,17.69,15.87
top hotels palermo,0,0,16,31,0%,0%,28.31,20.42
palermo airport hotels,0,0,16,28,0%,0%,31.75,36.32
best hotel palermo sicily,0,0,16,7,0%,0%,33.44,34.86
politeama/libertà,0,0,15,6,0%,0%,5.8,8
hotels palermo italy,0,0,15,52,0%,0%,33.47,27.02
is palermo italy safe,0,0,15,9,0%,0%,42,35.89
sicily palermo hotels,0,0,15,15,0%,0%,42.33,42.73
what part of palermo is best to stay in,0,0,14,0,0%,0%,7.5,0
what is the best area to stay in palermo sicily,0,0,14,0,0%,0%,7.86,0
palermo sicily travel guide,0,0,14,4,0%,0%,9.43,6.75
donde alojarse en palermo sicilia,0,0,14,19,0%,0%,9.57,10.53
hotels palermo centro storico,0,2,14,13,0%,15.38%,10.36,9.54
luxury hotels in palermo,0,0,14,56,0%,0%,23.64,31.55
palermo luxury hotels,0,0,14,33,0%,0%,23.86,28.61
donde alojarse en palermo,0,0,13,11,0%,0%,8.46,9.73
palermo best neighborhood to stay,0,0,13,0,0%,0%,8.85,0
boutique hotels in palermo sicily,0,0,13,19,0%,0%,38.92,43.05
where should i stay in palermo with a view and spa,0,0,12,26,0%,0%,1.17,6.62
недорогие отели в палермо,0,0,12,0,0%,0%,6.42,0
palermo city guide,0,0,12,47,0%,0%,7.33,5.09
best hotels in centro storico palermo sicily,0,0,12,0,0%,0%,9.92,0
where to stay near palermo sicily,0,0,12,0,0%,0%,11.75,0
"houses for lodging in palermo, sicily, italy",0,0,12,24,0%,0%,14.33,17.58
accommodation in palermo italy,0,0,12,2,0%,0%,14.42,14.5
best hotel in palermo italy,0,0,12,9,0%,0%,27.42,32.11
luxury hotels in palermo sicily,0,0,12,20,0%,0%,32.5,40.1
palermo hotels sicily,0,0,12,20,0%,0%,38.83,40.85
โรงแรม ที่ ชิงโง,0,0,12,2,0%,0%,43.25,48
"what are the best hotels in palermo, sicily, italy?",0,0,11,9,0%,0%,1,1
mondello beach from palermo,0,0,11,0,0%,0%,1.09,0
accommodation palermo near forum palermo ev charging,0,0,11,0,0%,0%,2.18,0
palermo gefährliche viertel,0,1,11,8,0%,12.5%,2.27,2
politeama,0,0,11,0,0%,0%,3.36,0
"accommodation near palermo-catania highway entrance nature sicily historic 
center",0,0,11,0,0%,0%,10.09,0
centro storico palermo hotels,0,0,11,0,0%,0%,11.09,0
alojamiento en palermo italia,0,0,11,2,0%,0%,12,38
palermo booking.com,0,0,11,14,0%,0%,12.36,10.29
hotel palermo sicily,0,0,11,18,0%,0%,20.45,23.33
palermo location,0,0,11,9,0%,0%,21.73,18.22
гостиницы в палермо в италии,0,0,10,0,0%,0%,5.7,0
хостелы палермо,0,0,10,7,0%,0%,8.8,8.86
best area to stay in sicily,0,0,10,9,0%,0%,43.1,49.67
things to do in mondello sicily,0,0,9,0,0%,0%,1.22,0
area palermo,0,0,9,7,0%,0%,5.89,5.14
отели на сицилии палермо,0,0,9,0,0%,0%,6.56,0
palermo italy travel guide,0,0,9,14,0%,0%,10.89,9.36
donde hospedarse en palermo sicilia,0,0,9,0,0%,0%,11,0
palermo tour guide,0,0,9,22,0%,0%,11,10.55
top hotels in palermo italy,0,0,9,23,0%,0%,12.89,16.87
palermo stays,0,0,9,0,0%,0%,13,0
places to stay palermo italy,0,0,9,6,0%,0%,13.67,11.5
best hotels palermo sicily,0,0,9,8,0%,0%,29.89,45.25
hotels sicily palermo,0,0,9,19,0%,0%,32,53.89
sicily hotels palermo,0,0,9,32,0%,0%,43.44,39.75
alojamento na palermo,0,0,9,0,0%,0%,44.22,0
5 star hotels in palermo italy,0,0,9,20,0%,0%,57.33,75.45
dove dormire a palermo,0,0,9,14,0%,0%,58.56,74.86
mondello to palermo,0,0,8,0,0%,0%,1.75,0
mondello sicile,0,0,8,0,0%,0%,3,0
отели в палермо италия,0,0,8,0,0%,0%,5.25,0
where is best to stay in palermo,0,0,8,0,0%,0%,7.12,0
palermo where is it,0,0,8,12,0%,0%,9.12,8
places to stay near palermo,0,0,8,1,0%,0%,9.38,13
is palermo safe at night,0,0,8,17,0%,0%,9.62,11.94
politeama area palermo,0,0,8,3,0%,0%,9.88,10.67
stay in palermo centre,0,0,8,8,0%,0%,17.5,15.62
hotels near palermo italy,0,0,8,3,0%,0%,23.75,16.33
hotel palermo city centre,0,0,8,7,0%,0%,29.38,23.29
boutique hotel palermo sicily,0,0,8,14,0%,0%,39.88,51.79
ที่พักย่านdowntown เปโตรลินา,0,0,8,0,0%,0%,40.12,0
hotels b&b sale sicily,0,0,8,0,0%,0%,72.62,0
mondello beach to palermo,0,0,7,0,0%,0%,1,0
var ska man bo i palermo,0,0,7,0,0%,0%,1.57,0
palermo italy,0,0,7,2,0%,0%,2.29,4.5
palermo city information,0,0,7,0,0%,0%,6.57,0
best areas to stay in palermo sicily for tourists,0,0,7,0,0%,0%,10,0
best places to stay palermo sicily,0,0,7,0,0%,0%,16.14,0
hotel in palermo italy,0,0,7,16,0%,0%,27.14,29.25
luxury hotels palermo sicily,0,0,7,12,0%,0%,31.86,33.92
palermo hotels italy,0,0,7,11,0%,0%,36.14,38.45
hotel by palermo,0,0,7,2,0%,0%,39.29,68
hotel palermo italy,0,0,7,23,0%,0%,44.86,24.26
palermo apartments,0,0,6,0,0%,0%,1,0
things to do in mondello,0,0,6,0,0%,0%,1,0
kalsa palermo safety,0,0,6,2,0%,0%,2.5,6
"vacation rentals in palermo, sicily, italy",0,0,6,0,0%,0%,3.33,0
palermo airport hotel,0,0,6,2,0%,0%,3.5,58.5
mondello palermo,0,0,6,1,0%,0%,3.83,2
отели в палермо сицилия,0,0,6,0,0%,0%,7.67,0
palermo city center,0,0,6,3,0%,0%,8.33,35
where to stay in palermo reddit,0,0,6,8,0%,0%,11.17,17.25
palermo italy lodging,0,0,6,0,0%,0%,18.33,0
downtown palermo,0,0,6,4,0%,0%,20.17,23.75
palermo top hotels,0,0,6,1,0%,0%,27.67,10
best hotels in palermo old town,0,0,6,2,0%,0%,28.67,17.5
palermo sicily best hotels,0,0,6,11,0%,0%,30.83,11.45
luxury hotels palermo,0,0,6,23,0%,0%,31.5,31.04
โรงแรมย่านdowntown เปโตรลินา ราคาถูก,0,0,6,1,0%,0%,31.5,30
ที่พักแถวdowntown เปโตรลินา,0,0,6,1,0%,0%,35,30
hotels near palermo sicily,0,0,6,10,0%,0%,36.33,36.1
where to stay in palermo buenos aires,0,0,6,8,0%,0%,68.17,77.12
dove soggiornare a palermo,0,0,6,0,0%,0%,69.17,0
palermo family hotels,0,0,5,0,0%,0%,1,0
holidays to mondello sicily,0,0,5,0,0%,0%,1.8,0
best areas in palermo,0,0,5,0,0%,0%,2.8,0
historic center palermo,0,0,5,0,0%,0%,5.2,0
where's palermo,0,0,5,11,0%,0%,5.2,7.55
"best area to stay in palermo, sicily",0,0,5,44,0%,0%,7,6.14
palermo website,0,0,5,30,0%,0%,9.6,5.97
apartments palermo sicily,0,0,5,4,0%,0%,10.4,38.25
"hotels in palermo historical center, palermo, sicily, italy",0,0,5,4,0%,0%,14.6,17
palermo nerede,0,0,5,10,0%,0%,20.4,16.4
palermo areas,0,0,5,0,0%,0%,20.8,0
palermo hotels 5 star,0,0,5,8,0%,0%,30.6,33.38
โรงแรมใกล้ดูชานเบ cathedral ราคาถูก,0,0,5,0,0%,0%,30.6,0
luxury hotel palermo sicily,0,0,5,10,0%,0%,32.6,38.7
โรงแรมใกล้ดูชานเบ old town,0,0,5,0,0%,0%,33.2,0
best hotels to stay in palermo sicily,0,0,5,3,0%,0%,38.4,28.67
boende palermo,0,0,5,0,0%,0%,38.6,0
best hostels in palermo,0,0,5,1,0%,0%,46,117
ที่พักใกล้ดูชานเบ cathedral,0,0,5,0,0%,0%,47.8,0
hotels near palermo italy airport,0,0,5,5,0%,0%,54.2,51.4
best place to live in sicily,0,0,5,2,0%,0%,55,91
luxury hotels in palermo italy,0,0,5,12,0%,0%,57.8,70.92
five star hotels in palermo sicily,0,0,5,11,0%,0%,59.6,76.91
luxury hotel in palermo sicily,0,0,5,11,0%,0%,75.6,79.18
is mondello worth visiting,0,0,4,0,0%,0%,1,0
palermo crime rate,0,0,4,3,0%,0%,1,39.33
palermo furnished apartments for rent,0,0,4,1,0%,0%,1,1
palermo rentals,0,0,4,0,0%,0%,1,0
what to do in mondello,0,0,4,0,0%,0%,1,0
les quartiers de palerme,0,0,4,6,0%,0%,2,1.5
meilleur quartier palerme,0,0,4,2,0%,0%,2.25,2
palerme quartiers,0,0,4,11,0%,0%,2.25,1.36
palermo apartments for rent,0,0,4,0,0%,0%,2.25,0
airbnb palermo,0,0,4,0,0%,0%,2.5,0
hotel aeroporto palermo,0,0,4,0,0%,0%,2.5,0
politeama / libertà,0,0,4,0,0%,0%,2.75,0
airbnb in palermo,0,0,4,0,0%,0%,3,0
mondello beach palermo,0,0,4,0,0%,0%,3.25,0
отели палермо сицилия,0,0,4,0,0%,0%,3.25,0
палермо,0,0,4,13,0%,0%,3.25,3.54
mercure palermo centro,0,0,4,2,0%,0%,3.5,5
отели в палермо,0,0,4,0,0%,0%,4,0
is kalsa palermo safe,0,0,4,0,0%,0%,5.5,0
best neighborhoods to stay in palermo sicily for tourists,0,0,4,0,0%,0%,9.25,0
alojamiento palermo italia,0,0,4,3,0%,0%,9.5,11.33
hotels in centro storico palermo,0,0,4,0,0%,0%,10.5,0
best hotels in centro storico palermo,0,0,4,0,0%,0%,11,0
tripadvisor palermo hotels,0,0,4,6,0%,0%,12,15.5
where to stay in sicily for nightlife,0,0,4,1,0%,0%,12.5,13
palermo hotel recommendations,0,0,4,0,0%,0%,13.5,0
hotels palmero,0,0,4,0,0%,0%,13.75,0
palmero city,0,0,4,33,0%,0%,13.75,12.94
palermo italy hotels on the beach,0,0,4,31,0%,0%,19,17.23
best hotels near palermo,0,0,4,16,0%,0%,19.25,26.31
hotel buena ubicacion palermo,0,0,4,0,0%,0%,22.25,0
hotels in palmero,0,0,4,0,0%,0%,24.75,0
palermo town,0,0,4,29,0%,0%,24.75,12.17
palermo sicily hotel,0,0,4,9,0%,0%,25,17
hotel in palermo with day use,0,0,4,2,0%,0%,25.75,45.5
4 star hotel for a business stay in palermo,0,0,4,5,0%,0%,26.25,33.2
best hotels near palermo airport,0,0,4,18,0%,0%,28.25,21.17
palermo motel,0,0,4,1,0%,0%,30.75,48
cheap hotels in palermo italy,0,0,4,6,0%,0%,32.5,77.5
palermo italy hotel,0,0,4,23,0%,0%,34.5,26.04
hotel near palermo,0,0,4,4,0%,0%,34.75,13
ที่พักย่านdowntown มาร์ เดล ปลาตา,0,0,4,2,0%,0%,36.75,45.5
palermo how long to stay,0,0,4,0,0%,0%,37.25,0
best area to stay in sicily italy,0,0,4,5,0%,0%,40.25,69.2
hotels close to palermo airport,0,0,4,6,0%,0%,46.5,62
hotels near palermo sicily airport,0,0,4,10,0%,0%,50.5,47.5
boutique hotels palermo sicily,0,0,4,14,0%,0%,52.5,40.36
palermo hotels near airport,0,0,4,2,0%,0%,52.5,40.5
palerme hotels,0,0,4,1,0%,0%,53,57
ที่พักแถวdowntown มากาปา,0,0,4,0,0%,0%,53,0
palermo dove dormire,0,0,4,10,0%,0%,54.75,66.5
the best palermo,0,0,4,2,0%,0%,66.5,44.5
historical centre of palermo,0,0,4,1,0%,0%,72.5,78
best hotels in palermo buenos aires,0,0,4,0,0%,0%,73.75,0
best place to stay in sicily italy,0,0,4,6,0%,0%,81.75,93.83
palermo nightlife,0,0,4,14,0%,0%,81.75,86.07
cheap hotels in palermo,0,0,4,21,0%,0%,87.75,72.52
what to do in mondello sicily,0,0,3,0,0%,0%,1,0
hilton palermo sicily,0,0,3,0,0%,0%,1.67,0
palco rooms & suites,0,0,3,0,0%,0%,1.67,0
quartier de palerme,0,0,3,0,0%,0%,2,0
wo ist es in palermo am schönsten,0,0,3,0,0%,0%,2,0
airbnb palermo sicily,0,0,3,1,0%,0%,2.33,2
palermo buenos aires,0,0,3,0,0%,0%,2.67,0
palermo italia,0,0,3,1,0%,0%,2.67,3
ballaro palermo,0,0,3,0,0%,0%,3,0
palermo dzielnice,0,0,3,2,0%,0%,3,2.5
palermo pogoda,0,0,3,2,0%,0%,4.33,3.5
palermo wo übernachten,0,0,3,0,0%,0%,4.67,0
mejor zona para alojarse en palermo,0,0,3,5,0%,0%,6,6.4
apartments for rent palermo sicily italy,0,0,3,0,0%,0%,6.33,0
"""palermo in suite aparthotel""",0,0,3,0,0%,0%,6.67,0
hotel porta felice palermo reviews,0,0,3,0,0%,0%,6.67,0
palerme quartier dangereux,0,0,3,0,0%,0%,6.67,0
areas of palermo,0,0,3,0,0%,0%,7.67,0
best neighborhoods to stay in palermo sicily,0,0,3,5,0%,0%,7.67,8.8
booking.com palermo,0,0,3,7,0%,0%,8,29.57
rental palermo,0,0,3,0,0%,0%,8.33,0
кемпинги палермо,0,0,3,0,0%,0%,8.33,0
palermo visit guide,0,0,3,0,0%,0%,10.33,0
best areas to stay palermo sicily neighborhoods,0,0,3,0,0%,0%,11,0
hotels near palermo centrale station,0,0,3,0,0%,0%,11,0
alojamientos en palermo sicilia,0,0,3,0,0%,0%,11.33,0
palermo accommodations,0,0,3,0,0%,0%,11.33,0
politeama liberta palermo,0,0,3,1,0%,0%,11.67,14
hotel politeama palermo,0,0,3,0,0%,0%,12,0
palermo best hotel,0,0,3,16,0%,0%,12.67,15.25
palermo hotel สามย่าน,0,0,3,19,0%,0%,13.67,9.42
hotel city center palermo,0,0,3,4,0%,0%,14.67,19.75
hotel near palermo airport italy,0,0,3,8,0%,0%,17,69.38
hotel in palermo sicily,0,0,3,11,0%,0%,21.67,32.27
best boutique hotels in palermo sicily,0,0,3,0,0%,0%,26.33,0
palermo center,0,0,3,1,0%,0%,34.33,1
best boutique hotels in palermo,0,0,3,0,0%,0%,35.33,0
palermo hotels 5-star,0,0,3,5,0%,0%,37.33,31.6
palermo oteller,0,0,3,7,0%,0%,38,49.43
hotel near palermo sicily,0,0,3,1,0%,0%,40,46
hotel a palermo,0,0,3,17,0%,0%,42.33,41.35
ที่พักย่านdowntown มากาปา,0,0,3,0,0%,0%,49.67,0
palermo sicily nightlife,0,0,3,23,0%,0%,51.67,54.78
hotels palermo airport,0,0,3,8,0%,0%,54.33,62.38
palermo italy resorts,0,0,3,5,0%,0%,55,43.4
best areas to stay in sicily,0,0,3,7,0%,0%,60,66.86
best luxury hotels in palermo sicily,0,0,3,2,0%,0%,66,68.5
best places to stay in sicily,0,0,3,11,0%,0%,66.33,78.73
dove alloggiare palermo,0,0,3,0,0%,0%,66.67,0
palermo hotel sicily,0,0,3,7,0%,0%,68.33,30.86
palermo dove alloggiare,0,0,3,0,0%,0%,74.67,0
palermo vacations,0,0,3,0,0%,0%,76.67,0
best place to stay sicily,0,0,3,3,0%,0%,80,66.67
where to live in sicily,0,0,3,3,0%,0%,88.67,92.33
vacation rentals in palermo sicily,0,0,3,0,0%,0%,89,0
marriott palermo,0,0,2,1,0%,0%,1,1
mondello things to do,0,0,2,0,0%,0%,1,0
palermo districts,0,0,2,3,0%,0%,1,14
palermo gdzie najlepiej nocować,0,0,2,0,0%,0%,1,0
what to see in mondello,0,0,2,0,0%,0%,1,0
how far is mondello from palermo,0,0,2,0,0%,0%,1.5,0
ja,0,0,2,0,0%,0%,1.5,0
wijken palermo,0,0,2,0,0%,0%,1.5,0
de bellini apartments palermo,0,0,2,0,0%,0%,2,0
distance from palermo to mondello beach,0,0,2,0,0%,0%,2,0
modern apartments in palermo,0,0,2,4,0%,0%,2,18
palermo dangerous areas,0,0,2,3,0%,0%,2,24
palermo sehenswürdigkeiten karte,0,0,2,0,0%,0%,2,0
palermo to mondello bus time,0,0,2,0,0%,0%,2,0
quartier a eviter a palerme,0,0,2,0,0%,0%,2,0
villa igiea palermo hotel,0,0,2,0,0%,0%,2,0
best hotels in palermo sicily tripadvisor,0,0,2,0,0%,0%,2.5,0
la kalsa palermo,0,0,2,1,0%,0%,2.5,2
palerme,0,0,2,3,0%,0%,2.5,3.33
palermo sicily,0,0,2,395,0%,0%,2.5,11.84
palermo to mondello,0,0,2,0,0%,0%,2.5,0
quartiers palerme,0,0,2,1,0%,0%,2.5,3
que ver en palermo,0,0,2,1,0%,0%,2.5,3
barrios de palermo sicilia,0,0,2,0,0%,0%,3,0
beaches near palermo,0,0,2,0,0%,0%,3,0
kapuzinergruft palermo,0,0,2,0,0%,0%,3,0
mondello italy,0,0,2,0,0%,0%,3,0
mondello palerme,0,0,2,0,0%,0%,3,0
nice beaches near palermo,0,0,2,0,0%,0%,3,0
palermo chico mapa,0,0,2,0,0%,0%,3,0
palermo habitantes,0,0,2,0,0%,0%,3,0
palermo soho,0,0,2,1,0%,0%,3,3
palermo stadtteile meiden,0,0,2,0,0%,0%,3,0
palermo strand,0,0,2,0,0%,0%,3,0
монделло,0,0,2,0,0%,0%,3,0
"""quattro canti apartments"" palermo",0,0,2,0,0%,0%,3.5,0
barrio de palermo,0,0,2,0,0%,0%,3.5,0
palermo guide book,0,0,2,48,0%,0%,3.5,4.27
where to stay in palermo safe,0,0,2,28,0%,0%,3.5,5.14
hotel ucciardhome palermo,0,0,2,0,0%,0%,4,0
hotels in mondello sicily,0,0,2,0,0%,0%,4,0
houses for lodging palermo sicily italy,0,0,2,0,0%,0%,4,0
mercure palermo centro reviews,0,0,2,1,0%,0%,4,4
moze,0,0,2,0,0%,0%,4,0
"what hotels are available in palermo historical center, palermo, sicily, 
italy?",0,0,2,0,0%,0%,4,0
mondello beach sicily,0,0,2,0,0%,0%,4.5,0
palermo sehenswürdigkeiten,0,0,2,0,0%,0%,4.5,0
wetter palermo,0,0,2,0,0%,0%,4.5,0
hotels in mondello beach palermo sicily italy,0,0,2,0,0%,0%,5,0
отели в пралормо,0,0,2,0,0%,0%,5,0
donde dormir en palermo,0,0,2,2,0%,0%,5.5,7.5
dove alloggiare?,0,0,2,0,0%,0%,5.5,0
grand hotel et des palmes palermo,0,0,2,0,0%,0%,5.5,0
palermo politeama area,0,0,2,0,0%,0%,5.5,0
"""palazzo de gregorio"" apartments palermo",0,0,2,0,0%,0%,6,0
into palermo b&b,0,0,2,0,0%,0%,6,0
palermo urlaub,0,0,2,0,0%,0%,6,0
palermo districts map,0,0,2,1,0%,0%,6.5,12
palermo official website,0,0,2,2,0%,0%,7,10
гостиницы в палермо,0,0,2,0,0%,0%,7,0
bed and breakfast palermo centro,0,0,2,0,0%,0%,8.5,0
palermo district,0,0,2,2,0%,0%,8.5,7.5
hotel di palermo,0,0,2,1,0%,0%,9.5,11
palermo tourist guide,0,0,2,7,0%,0%,10,6.29
location 10 palermo,0,0,2,5,0%,0%,10.5,8.8
palmero hotels,0,0,2,0,0%,0%,10.5,0
palermo safe for tourists,0,0,2,0,0%,0%,11.5,0
via maqueda,0,0,2,0,0%,0%,11.5,0
"""al massimo apartment"" palermo",0,0,2,0,0%,0%,12,0
best hotels in palermo centro storico,0,0,2,0,0%,0%,12,0
near rooms to me,0,0,2,0,0%,0%,12,0
modern new apartment in palermo,0,0,2,0,0%,0%,12.5,0
best area to stay in palermo reddit,0,0,2,4,0%,0%,13,27.75
hotel politeama,0,0,2,0,0%,0%,13,0
palermo cheap accommodation,0,0,2,0,0%,0%,13,0
trendy apartments in palermo,0,0,2,0,0%,0%,13.5,0
palermo central stay,0,0,2,5,0%,0%,14,10.2
"hotels in palermo, sicily, italy",0,0,2,2,0%,0%,15.5,18.5
hotels in palermo historical center palermo sicily italy,0,0,2,0,0%,0%,16,0
palermo beachfront hotels,0,0,2,2,0%,0%,19,13
hotel with relaxing area palermo,0,0,2,6,0%,0%,19.5,13
cheap hotels in palermo coast,0,0,2,0,0%,0%,20,0
palermo where,0,0,2,5,0%,0%,20.5,9.8
family apartments in palermo - by buerentals,0,0,2,0,0%,0%,21,0
hotel first palermo,0,0,2,0,0%,0%,23,0
nicest hotels in palermo,0,0,2,0,0%,0%,23.5,0
location palermo,0,0,2,4,0%,0%,24,13.75
sicily hotel palermo,0,0,2,4,0%,0%,26.5,34.25
luxury hotels near palermo,0,0,2,0,0%,0%,29,0
hotel in palermo city centre,0,0,2,0,0%,0%,30.5,0
5 star hotels palermo,0,0,2,26,0%,0%,31,32.58
top hotels in palermo sicily,0,0,2,2,0%,0%,33,15.5
โรงแรมย่านdowntown เปโตรลินา,0,0,2,0,0%,0%,34.5,0
"5 star hotels in palermo, sicily",0,0,2,1,0%,0%,38.5,64
hotels in palermo with parking,0,0,2,0,0%,0%,39,0
palermo hotels with parking,0,0,2,3,0%,0%,39,80.33
best area to stay sicily,0,0,2,4,0%,0%,39.5,49.75
palermo smještaj,0,0,2,0,0%,0%,40,0
palermo 5 star hotels,0,0,2,15,0%,0%,40.5,31.47
rooms palermo,0,0,2,0,0%,0%,41,0
where is palermo sicily,0,0,2,3,0%,0%,41.5,46
hotel buena ubicación en palermo,0,0,2,0,0%,0%,44.5,0
best resorts palermo,0,0,2,0,0%,0%,45,0
nightlife in palermo sicily,0,0,2,14,0%,0%,45.5,63.29
โรงแรมย่านdowntown มากาปา ราคาถูก,0,0,2,0,0%,0%,45.5,0
palermo city centre,0,0,2,0,0%,0%,49,0
"best hotels in palermo, sicily",0,0,2,2,0%,0%,51.5,18.5
where to stay in sicily italy,0,0,2,3,0%,0%,54.5,80.67
hotel deals palermo,0,0,2,4,0%,0%,55.5,49.5
living in palermo italy,0,0,2,1,0%,0%,56.5,89
palermo rooms,0,0,2,1,0%,0%,60,10
living in palermo,0,0,2,1,0%,0%,63,74
best hotels near palermo sicily,0,0,2,3,0%,0%,64.5,59.67
where to stay in sicily best areas,0,0,2,0,0%,0%,67.5,0
palermo historic center,0,0,2,1,0%,0%,69.5,1
booking com palermo,0,0,2,7,0%,0%,76.5,37.14
mondello beach palermo hotels,0,0,2,2,0%,0%,77,70
boutique hotels palermo italy,0,0,2,12,0%,0%,78.5,68.17
hotels in palermo buenos aires,0,0,2,0,0%,0%,81,0
palermo vacation rental,0,0,2,2,0%,0%,85,69.5
90144 palermo,0,0,1,0,0%,0%,1,0
a palermo,0,0,1,0,0%,0%,1,0
airbnb in palermo sicily,0,0,1,0,0%,0%,1,0
b&b a palermo,0,0,1,0,0%,0%,1,0
b&b centro palermo,0,0,1,0,0%,0%,1,0
beach in palermo,0,0,1,0,0%,0%,1,0
bed and breakfast palermo,0,0,1,0,0%,0%,1,0
"best airbnb palermo, sicily",0,0,1,2,0%,0%,1,4.5
best beach in palermo,0,0,1,0,0%,0%,1,0
best beach towns near palermo,0,0,1,0,0%,0%,1,0
best neighborhoods in palermo sicily,0,0,1,0,0%,0%,1,0
booking com palermo sicily,0,0,1,3,0%,0%,1,41
brancaccio,0,0,1,0,0%,0%,1,0
brancaccio palermo dangerous,0,0,1,1,0%,0%,1,12
buenos aires safest neighborhoods,0,0,1,0,0%,0%,1,0
casa palermo,0,0,1,0,0%,0%,1,0
coliving palermo,0,0,1,0,0%,0%,1,0
crime rate in palermo sicily,0,0,1,0,0%,0%,1,0
hilton hotel palermo,0,0,1,0,0%,0%,1,0
hilton hotel palermo sicily,0,0,1,0,0%,0%,1,0
hotel near palermo quartiere borgo vecchio,0,0,1,2,0%,0%,1,1
hotel politeama palermo maps,0,0,1,0,0%,0%,1,0
hotels near palermo airport with shuttle,0,0,1,0,0%,0%,1,0
idealista,0,0,1,0,0%,0%,1,0
is palermo soho safe,0,0,1,0,0%,0%,1,0
kalsa district,0,0,1,0,0%,0%,1,0
liberta palermo,0,0,1,1,0%,0%,1,1
mondello bay,0,0,1,0,0%,0%,1,0
mondello to palermo taxi cost,0,0,1,0,0%,0%,1,0
monthly rentals palermo sicily,0,0,1,0,0%,0%,1,0
nachts in palermo,0,0,1,0,0%,0%,1,0
news palermo,0,0,1,0,0%,0%,1,0
niebezpieczne dzielnice palermo,0,0,1,1,0%,0%,1,3
old town mondello sicily,0,0,1,0,0%,0%,1,0
où loger à palerme,0,0,1,0,0%,0%,1,0
palerme quartier,0,0,1,2,0%,0%,1,1
palermo b and b,0,0,1,0,0%,0%,1,0
palermo beach mondello,0,0,1,0,0%,0%,1,0
palermo beaches,0,0,1,0,0%,0%,1,0
palermo bene,0,0,1,0,0%,0%,1,0
palermo family hotel,0,0,1,0,0%,0%,1,0
palermo historical center,0,0,1,0,0%,0%,1,0
palermo italy things to do,0,0,1,0,0%,0%,1,0
palermo mare,0,0,1,0,0%,0%,1,0
palermo nightclubs,0,0,1,0,0%,0%,1,0
palermo politeama,0,0,1,0,0%,0%,1,0
palermo streets,0,0,1,0,0%,0%,1,0
palermo szállás,0,0,1,0,0%,0%,1,0
palermo things to do,0,0,1,0,0%,0%,1,0
palermo zone,0,0,1,0,0%,0%,1,0
pliteama,0,0,1,0,0%,0%,1,0
politeama libertà,0,0,1,0,0%,0%,1,0
politeama-libertà,0,0,1,5,0%,0%,1,8.6
rentals in palermo italy,0,0,1,0,0%,0%,1,0
spiaggia mondello,0,0,1,0,0%,0%,1,0
stadtteile palermo,0,0,1,1,0%,0%,1,4
taxi palermo mondello,0,0,1,0,0%,0%,1,0
things to do in palermo italy,0,0,1,0,0%,0%,1,0
ubytovanie,0,0,1,0,0%,0%,1,0
via ruggero settimo palermo,0,0,1,0,0%,0%,1,0
waar overnachten,0,0,1,0,0%,0%,1,0
zen palermo dangerous,0,0,1,3,0%,0%,1,1
διαμονή,0,0,1,0,0%,0%,1,0
είναι ασφαλής,0,0,1,0,0%,0%,1,0
adimura rooms palermo reviews,0,0,1,0,0%,0%,2,0
airport hotel palermo,0,0,1,0,0%,0%,2,0
alermo hotel,0,0,1,0,0%,0%,2,0
ano,0,0,1,0,0%,0%,2,0
casas en venta en palermo italia,0,0,1,0,0%,0%,2,0
cefalu to mondello,0,0,1,0,0%,0%,2,0
co zwiedzić w palermo,0,0,1,0,0%,0%,2,0
como ir de palermo a mondello,0,0,1,0,0%,0%,2,0
distance palerme mondello,0,0,1,0,0%,0%,2,0
el tiempo cerca de palermo,0,0,1,0,0%,0%,2,0
el tiempo palermo,0,0,1,0,0%,0%,2,0
hilton palermo,0,0,1,6,0%,0%,2,1
holidays to mondello,0,0,1,0,0%,0%,2,0
hotel palermo palermo,0,0,1,0,0%,0%,2,0
hoteles en palermo sicilia italia,0,0,1,0,0%,0%,2,0
how far is mondello beach from palermo,0,0,1,0,0%,0%,2,0
how far is mondello from palermo airport,0,0,1,0,0%,0%,2,0
idealista palermo rent,0,0,1,0,0%,0%,2,0
is palermo veilig,0,0,1,0,0%,0%,2,0
jak dojechac z palermo do mondello,0,0,1,0,0%,0%,2,0
kalsa palerme,0,0,1,0,0%,0%,2,0
kalsa palermo,0,0,1,1,0%,0%,2,2
lotnisko palermo,0,0,1,0,0%,0%,2,0
mondello beach directions,0,0,1,0,0%,0%,2,0
mondello beach palermo sandy shallow family friendly,0,0,1,0,0%,0%,2,0
mondello beach rooms,0,0,1,0,0%,0%,2,0
mondello cefalu,0,0,1,0,0%,0%,2,0
mondello italia,0,0,1,0,0%,0%,2,0
mondello jak dojechać z palermo,0,0,1,0,0%,0%,2,0
mondello palerme distance,0,0,1,0,0%,0%,2,0
mondello sicilia,0,0,1,0,0%,0%,2,0
mondello to palermo bus,0,0,1,0,0%,0%,2,0
mondelo sicilia,0,0,1,0,0%,0%,2,0
nh palermo reviews,0,0,1,0,0%,0%,2,0
nombre d'habitants à palerme,0,0,1,0,0%,0%,2,0
odległość palermo taormina,0,0,1,0,0%,0%,2,0
orto botanico palermo,0,0,1,0,0%,0%,2,0
palerme plage,0,0,1,1,0%,0%,2,3
palerme plage mondello,0,0,1,0,0%,0%,2,0
palermo apartment rental price,0,0,1,0,0%,0%,2,0
palermo castle two theaters nearby,0,0,1,0,0%,0%,2,0
palermo centrum,0,0,1,0,0%,0%,2,0
palermo czy jest bezpiecznie,0,0,1,0,0%,0%,2,0
palermo forum,0,0,1,0,0%,0%,2,0
palermo hilton,0,0,1,0,0%,0%,2,0
palermo mondello bus,0,0,1,0,0%,0%,2,0
palermo powierzchnia,0,0,1,0,0%,0%,2,0
palermo soho vs hollywood,0,0,1,0,0%,0%,2,0
palermo stadtteile karte,0,0,1,0,0%,0%,2,0
palermo taormina odległość,0,0,1,0,0%,0%,2,0
palermo to mondello bus,0,0,1,0,0%,0%,2,0
palermo to mondello driving time,0,0,1,0,0%,0%,2,0
palermo ubytovanie,0,0,1,0,0%,0%,2,0
palermo unterkunft,0,0,1,0,0%,0%,2,0
palermo wetter februar,0,0,1,0,0%,0%,2,0
palermo zonas,0,0,1,0,0%,0%,2,0
plage mondello,0,0,1,0,0%,0%,2,0
plage mondello palerme,0,0,1,0,0%,0%,2,0
quartier dangereux palerme,0,0,1,0,0%,0%,2,0
quartier de palermo,0,0,1,0,0%,0%,2,0
rentals palermo,0,0,1,0,0%,0%,2,0
secret escapes palermo,0,0,1,0,0%,0%,2,0
si,0,0,1,1,0%,0%,2,1
top 10 palermo,0,0,1,0,0%,0%,2,0
via amari,0,0,1,0,0%,0%,2,0
visiter palerme en 1 jour,0,0,1,0,0%,0%,2,0
visiter palerme en 4 jours,0,0,1,0,0%,0%,2,0
vivre a palerme,0,0,1,0,0%,0%,2,0
weather in palermo italy today,0,0,1,0,0%,0%,2,0
wheres palermo,0,0,1,4,0%,0%,2,2
zona de palermo buenos aires,0,0,1,0,0%,0%,2,0
монделло пляж,0,0,1,0,0%,0%,2,0
палермо достопримечательности,0,0,1,0,0%,0%,2,0
apartments for rent in palermo italy,0,0,1,0,0%,0%,3,0
ausgehviertel palermo,0,0,1,0,0%,0%,3,0
best neighborhoods in palermo,0,0,1,0,0%,0%,3,0
borgo vecchio palermo,0,0,1,0,0%,0%,3,0
co zobaczyc w mondello,0,0,1,0,0%,0%,3,0
deluxe apartments in palermo,0,0,1,3,0%,0%,3,5
gdzie tanio zjeść w palermo,0,0,1,0,0%,0%,3,0
hotel at palermo airport,0,0,1,0,0%,0%,3,0
hotel in mondello sicily,0,0,1,0,0%,0%,3,0
hotel porta felice photos,0,0,1,0,0%,0%,3,0
houses for rent in palermo italy,0,0,1,0,0%,0%,3,0
ile ludzi mieszka w palermo,0,0,1,0,0%,0%,3,0
imagenes de palermo,0,0,1,0,0%,0%,3,0
is palermo part of italy,0,0,1,0,0%,0%,3,0
italien palermo,0,0,1,0,0%,0%,3,0
kalsa district palermo,0,0,1,0,0%,0%,3,0
la vucciria palerme,0,0,1,0,0%,0%,3,0
lagos de palermo de noche,0,0,1,0,0%,0%,3,0
mapa palermo z atrakcjami,0,0,1,0,0%,0%,3,0
marriott hotels palermo sicily,0,0,1,0,0%,0%,3,0
mercado ballaro palermo,0,0,1,0,0%,0%,3,0
mercure palermo centro photos,0,0,1,1,0%,0%,3,4
mondello beach italy,0,0,1,0,0%,0%,3,0
mondello sicily map,0,0,1,0,0%,0%,3,0
mondello wetter,0,0,1,0,0%,0%,3,0
mondelo italy,0,0,1,0,0%,0%,3,0
monreale catedral,0,0,1,0,0%,0%,3,0
monreale italy,0,0,1,0,0%,0%,3,0
monte pellegrino palermo,0,0,1,1,0%,0%,3,4
onde se hospedar em palermo sicilia,0,0,1,0,0%,0%,3,0
palermo bs as,0,0,1,0,0%,0%,3,0
palermo clubs,0,0,1,0,0%,0%,3,0
palermo co zobaczyć w 3 dni,0,0,1,0,0%,0%,3,0
palermo en sicilia,0,0,1,0,0%,0%,3,0
palermo hollywood,0,0,1,1,0%,0%,3,3
palermo home rentals,0,0,1,0,0%,0%,3,0
palermo hotel zentrum,0,0,1,1,0%,0%,3,4
palermo italia by natalia,0,0,1,0,0%,0%,3,0
palermo pogoda luty,0,0,1,0,0%,0%,3,0
palermo sehenswürdigkeiten top 10,0,0,1,0,0%,0%,3,0
palermo smestaj,0,0,1,0,0%,0%,3,0
palermo stadtteile,0,0,1,0,0%,0%,3,0
palermo wo wohnen,0,0,1,0,0%,0%,3,0
palermo wohnung mieten,0,0,1,0,0%,0%,3,0
población de palermo,0,0,1,0,0%,0%,3,0
prowincja palermo,0,0,1,0,0%,0%,3,0
pslermo,0,0,1,6,0%,0%,3,12.83
quartier ballaro palerme,0,0,1,0,0%,0%,3,0
quartier kalsa palerme carte,0,0,1,0,0%,0%,3,0
quartiers de palerme,0,0,1,7,0%,0%,3,2.43
que ver en palermo en 3 días,0,0,1,0,0%,0%,3,0
spiaggia di mondello,0,0,1,0,0%,0%,3,0
stadswandeling palermo,0,0,1,0,0%,0%,3,0
stedentrip palermo,0,0,1,0,0%,0%,3,0
suite in center palermo,0,0,1,0,0%,0%,3,0
tanie loty warszawa palermo,0,0,1,0,0%,0%,3,0
villas to rent in palermo sicily,0,0,1,0,0%,0%,3,0
wo in palermo übernachten,0,0,1,0,0%,0%,3,0
wo wohnen in palermo,0,0,1,0,0%,0%,3,0
zone tranquille,0,0,1,0,0%,0%,3,0
ναι,0,0,1,1,0%,0%,3,1
палермо безопасность,0,0,1,0,0%,0%,3,0
палермо или катания,0,0,1,0,0%,0%,3,0
палермо пляжи,0,0,1,0,0%,0%,3,0
палермо что посмотреть,0,0,1,1,0%,0%,3,4
что посмотреть в палермо,0,0,1,0,0%,0%,3,0
что посмотреть в палермо за 3 дня,0,0,1,0,0%,0%,3,0
airbnb palermo italy,0,0,1,0,0%,0%,4,0
alma hotel palermo reviews,0,0,1,0,0%,0%,4,0
arenella palermo,0,0,1,0,0%,0%,4,0
ausflüge palermo,0,0,1,0,0%,0%,4,0
casa professa palerme,0,0,1,0,0%,0%,4,0
dzielnica zen palermo,0,0,1,0,0%,0%,4,0
guide palermo,0,0,1,18,0%,0%,4,5.39
hotel palerme centre,0,0,1,0,0%,0%,4,0
hotel porta felice & spa,0,0,1,0,0%,0%,4,0
hotel porta felice palermo,0,0,1,0,0%,0%,4,0
hotel villa d amato,0,0,1,0,0%,0%,4,0
la kalsa palerme,0,0,1,0,0%,0%,4,0
modern & new apartment in palermo,0,0,1,6,0%,0%,4,6.17
mondello centre ville,0,0,1,0,0%,0%,4,0
monte pellegrino,0,0,1,0,0%,0%,4,0
my palermo,0,0,1,2,0%,0%,4,6.5
open sicily homes palermo,0,0,1,0,0%,0%,4,0
palermo (buenos aires),0,0,1,0,0%,0%,4,0
palermo bezienswaardigheden,0,0,1,1,0%,0%,4,2
palermo ca,0,0,1,0,0%,0%,4,0
palermo hotel am strand,0,0,1,0,0%,0%,4,0
palermo informacje,0,0,1,0,0%,0%,4,0
palermo italy luxury hotels,0,0,1,8,0%,0%,4,73.25
palermo to favignana day trip,0,0,1,0,0%,0%,4,0
palermo vakantie,0,0,1,0,0%,0%,4,0
palermo wetter,0,0,1,0,0%,0%,4,0
palermo z dzieckiem,0,0,1,0,0%,0%,4,0
palermo погода,0,0,1,0,0%,0%,4,0
piazza marina,0,0,1,0,0%,0%,4,0
politeama palermo,0,0,1,1,0%,0%,4,1
praca palermo,0,0,1,0,0%,0%,4,0
quartier kalsa palerme,0,0,1,0,0%,0%,4,0
region palermo,0,0,1,0,0%,0%,4,0
resorts in palermo sicily,0,0,1,2,0%,0%,4,62.5
sehenswürdigkeiten palermo,0,0,1,0,0%,0%,4,0
tiempo en palermo,0,0,1,0,0%,0%,4,0
tiempo en palermo italia,0,0,1,0,0%,0%,4,0
was muss man in palermo gesehen haben,0,0,1,0,0%,0%,4,0
weer in palermo,0,0,1,0,0%,0%,4,0
wo übernachten in palermo,0,0,1,0,0%,0%,4,0
палермо погода,0,0,1,1,0%,0%,4,4
airbnb mondello palermo,0,0,1,0,0%,0%,5,0
capilla palatina de palermo,0,0,1,0,0%,0%,5,0
city center palermo,0,1,1,1,0%,100%,5,9
hotel palerme centre historique,0,0,1,0,0%,0%,5,0
hébergement palerme,0,0,1,0,0%,0%,5,0
iglesia martorana palermo,0,0,1,0,0%,0%,5,0
info palerme en direct,0,0,1,0,0%,0%,5,0
katedra w palermo,0,0,1,0,0%,0%,5,0
liberty hotel palermo,0,0,1,0,0%,0%,5,0
mercure palermo,0,0,1,0,0%,0%,5,0
mondello sicily restaurants,0,0,1,0,0%,0%,5,0
nh palermo,0,0,1,1,0%,0%,5,3
ou dormir a palerme,0,0,1,0,0%,0%,5,0
palazzo del poeta palermo,0,0,1,0,0%,0%,5,0
palermo smeštaj,0,0,1,0,0%,0%,5,0
palermo wohnung kaufen,0,0,1,0,0%,0%,5,0
politeama hotel palermo,0,0,1,0,0%,0%,5,0
pronostico palermo italia,0,0,1,0,0%,0%,5,0
where is the best place,0,0,1,0,0%,0%,5,0
where to stay in,0,0,1,0,0%,0%,5,0
wohnung in palermo kaufen,0,0,1,0,0%,0%,5,0
"""teatro massimo city center apartments"" palermo",0,0,1,0,0%,0%,6,0
ballaro guest house palermo,0,0,1,0,0%,0%,6,0
delle vittorie palermo,0,0,1,0,0%,0%,6,0
good accommodation,0,0,1,0,0%,0%,6,0
historic centre palermo,0,0,1,0,0%,0%,6,0
hotel carlo felice sassari staff reviews,0,0,1,0,0%,0%,6,0
is palermo a big city,0,0,1,0,0%,0%,6,0
mejores bares de palermo,0,0,1,0,0%,0%,6,0
office du tourisme palerme,0,0,1,0,0%,0%,6,0
best restaurants mondello sicily,0,0,1,0,0%,0%,7,0
hoteis palermo,0,0,1,0,0%,0%,7,0
hotel garibaldi palermo,0,0,1,0,0%,0%,7,0
iglesia de la martorana palermo,0,0,1,0,0%,0%,7,0
ou dormir à palerme,0,0,1,0,0%,0%,7,0
palazzo natoli boutique hotel,0,0,1,1,0%,0%,7,17
palermo in suite aparthotel,0,0,1,0,0%,0%,7,0
palermo overnachten,0,0,1,0,0%,0%,7,0
plaza mondelo,0,0,1,0,0%,0%,7,0
pogoda palermo,0,0,1,1,0%,0%,7,4
quattro canti,0,0,1,0,0%,0%,7,0
tribunali o kalsa,0,0,1,0,0%,0%,7,0
villa igiea hotel palermo,0,0,1,0,0%,0%,7,0
zone palermo,0,0,1,1,0%,0%,7,1
discover palermo,0,0,1,5,0%,0%,8,7.4
gerne,0,0,1,0,0%,0%,8,0
hotel vecchio borgo,0,0,1,0,0%,0%,8,0
hotel vittoria palermo,0,0,1,0,0%,0%,8,0
politeama sicily,0,0,1,0,0%,0%,8,0
restaurant palermo altstadt,0,0,1,0,0%,0%,8,0
100 дней в палермо,0,0,1,0,0%,0%,9,0
best area,0,0,1,0,0%,0%,9,0
best guest houses near me,0,0,1,0,0%,0%,9,0
big world small pockets sicily best places to stay,0,0,1,0,0%,0%,9,0
hospedaje palermo,0,0,1,0,0%,0%,9,0
hotel president palermo,0,0,1,0,0%,0%,9,0
i love palermo,0,0,1,0,0%,0%,9,0
is palermo safe for tourists,0,1,1,3,0%,33.33%,9,16.67
lodging in palermo sicily,0,0,1,4,0%,0%,9,16.5
meilleurs hôtels dans le centre historique de palerme en sicile,0,0,1,0,0%,0%,9,0
vacation rentals palermo sicily italy,0,0,1,0,0%,0%,9,0
zonas palermo,0,0,1,0,0%,0%,9,0
"""palermo in suite aparthotel"" palermo",0,0,1,0,0%,0%,10,0
albergo athenaeum palermo,0,0,1,0,0%,0%,10,0
apartments for rent palermo italy,0,0,1,0,0%,0%,10,0
best areas to stay in sicily for tourists 2025,0,0,1,0,0%,0%,10,0
best western palermo sicily,0,0,1,0,0%,0%,10,0
cyklon harry palermo,0,0,1,1,0%,0%,10,8
palermo centro storico hotels,0,0,1,0,0%,0%,10,0
palermo sicily travel guide 2026,0,0,1,0,0%,0%,10,0
travel guide palermo,0,0,1,3,0%,0%,10,10.67
palermo city trip,0,0,1,0,0%,0%,11,0
weekend getaways near me,0,0,1,0,0%,0%,11,0
zona favorita palermo,0,0,1,0,0%,0%,11,0
best place to,0,0,1,0,0%,0%,12,0
best places to stay,0,0,1,0,0%,0%,12,0
book palermo,0,0,1,1,0%,0%,12,8
central palermo,0,0,1,0,0%,0%,12,0
"hotels in palermo, sicily",0,0,1,3,0%,0%,12,23.67
"palermo, sicily",0,0,1,14,0%,0%,12,11.21
tourism palermo,0,0,1,1,0%,0%,12,13
what is palermo,0,0,1,20,0%,0%,12,13.1
отели с бассейном в палермо,0,0,1,0,0%,0%,12,0
eventos gratis hoy noche,0,0,1,0,0%,0%,13,0
"hotels in palermo, italy",0,0,1,1,0%,0%,13,50
palermo main street,0,0,1,0,0%,0%,13,0
politeama palerme,0,0,1,2,0%,0%,13,2
trips to palermo sicily,0,0,1,0,0%,0%,13,0
best hotels in palermo city center,0,0,1,5,0%,0%,14,22.8
brancaccio palerme,0,0,1,0,0%,0%,14,0
hotels in central palermo,0,0,1,0,0%,0%,14,0
palermo airport accommodation,0,0,1,0,0%,0%,14,0
palermo city hotels,0,0,1,0,0%,0%,14,0
hotela,0,0,1,0,0%,0%,15,0
palmero sicily,0,0,1,10,0%,0%,15,12.8
sve me zanima,0,0,1,0,0%,0%,15,0
hotel in palermo centro,0,0,1,1,0%,0%,16,15
hotel mejor ubicación en palermo,0,0,1,0,0%,0%,16,0
cheap accommodation palermo,0,0,1,3,0%,0%,17,26.67
no shade,0,0,1,0,0%,0%,17,0
alojarse en palermo,0,0,1,1,0%,0%,18,20
hotel melhor localização palermo,0,0,1,0,0%,0%,19,0
palermo centro storico neighborhood origin,0,0,1,0,0%,0%,19,0
city breaks palermo,0,0,1,1,0%,0%,20,76
liberta district palermo,0,0,1,0,0%,0%,20,0
modern & luxury apartments in palermo,0,0,1,1,0%,0%,20,1
4-star hotel in palermo with day use,0,0,1,8,0%,0%,21,45.12
better and better palermo,0,0,1,0,0%,0%,21,0
hotel day use palermo,0,0,1,0,0%,0%,21,0
palermo holiday apartments,0,0,1,0,0%,0%,21,0
hotels palermo sicily beach,0,0,1,0,0%,0%,23,0
quattro canti hotel palermo,0,0,1,0,0%,0%,23,0
mondello palace hotel,0,0,1,0,0%,0%,24,0
where to stay in palermo with kids,0,0,1,1,0%,0%,24,12
4 star hotel palermo city,0,0,1,0,0%,0%,26,0
family affair b&b palermo,0,0,1,0,0%,0%,26,0
villa igiea,0,0,1,0,0%,0%,26,0
5 star palermo hotels,0,0,1,0,0%,0%,28,0
is palermo sicily safe,0,0,1,2,0%,0%,28,44
palermo italy tripadvisor,0,0,1,0,0%,0%,28,0
4 star hotel offers palermo,0,0,1,0,0%,0%,29,0
luxury hotel in palermo,0,0,1,10,0%,0%,30,75.3
is palermo dangerous,0,0,1,2,0%,0%,31,37
is palermo a party city,0,0,1,0,0%,0%,32,0
luxury hotels near palermo sicily,0,0,1,0,0%,0%,32,0
5 star hotels in palermo sicily near beach,0,0,1,1,0%,0%,34,88
best area of sicily to stay,0,0,1,2,0%,0%,34,56
best place to stay in sicily beach,0,0,1,2,0%,0%,34,43
hotel palermo airport,0,0,1,3,0%,0%,34,49
best hotels palermo old town,0,0,1,2,0%,0%,35,13.5
hoteller palermo,0,0,1,0,0%,0%,35,0
where is palermo italy,0,0,1,11,0%,0%,35,24.73
hotel palermo deals,0,0,1,2,0%,0%,36,91.5
luxury hotels in palermo sicily near beach,0,0,1,0,0%,0%,39,0
โรงแรมใกล้ดูชานเบ cathedral,0,0,1,0,0%,0%,39,0
best city to stay in sicily,0,0,1,5,0%,0%,40,61.4
best areas of sicily to stay,0,0,1,0,0%,0%,41,0
palermo shopping street,0,0,1,0,0%,0%,41,0
palermo dangerous,0,0,1,3,0%,0%,42,39
ubytovanie palermo,0,0,1,0,0%,0%,42,0
palermo beach hotel,0,0,1,3,0%,0%,43,12.33
sicílie palermo,0,0,1,0,0%,0%,43,0
dove dormire a palermo centro,0,0,1,1,0%,0%,44,78
hotel palermo italia,0,0,1,0,0%,0%,45,0
mazzini suite palermo,0,0,1,1,0%,0%,45,56
tyre hotel palermo,0,0,1,0,0%,0%,45,0
โรงแรมแถวดูชานเบ central station,0,0,1,0,0%,0%,45,0
โรงแรมใกล้ดูชานเบ old town ราคาถูก,0,0,1,0,0%,0%,45,0
palermo hotels on the beach,0,0,1,15,0%,0%,46,32.53
palermo sicily boutique hotels,0,0,1,4,0%,0%,46,62.5
where is the best place to stay in sicily,0,0,1,3,0%,0%,46,61
palermo hotels tripadvisor,0,0,1,1,0%,0%,47,31
palermo noclegi,0,0,1,1,0%,0%,47,42
accommodation in sicily palermo,0,0,1,0,0%,0%,49,0
تعليقات حول mondello مونديلو,0,0,1,0,0%,0%,49,0
winter lullaby grand hotel,0,0,1,0,0%,0%,51,0
5-star hotels in palermo,0,0,1,3,0%,0%,53,60.33
dove dormire palermo,0,0,1,4,0%,0%,53,61.75
palermo cheap hotels,0,0,1,8,0%,0%,53,49.62
ที่พักแถวdowntown มาร์ เดล ปลาตา,0,0,1,2,0%,0%,53,49.5
hotel barato palermo,0,0,1,0,0%,0%,55,0
โรงแรมย่านdowntown มากาปา,0,0,1,0,0%,0%,55,0
where to stay sicily,0,0,1,0,0%,0%,56,0
best place to live in sicily italy,0,0,1,1,0%,0%,57,90
luck and magic boutique hotel,0,0,1,0,0%,0%,58,0
palermo accommodation with pool,0,0,1,2,0%,0%,58,31.5
โรงแรมแถวdowntown มากาปา,0,0,1,0,0%,0%,59,0
palermo italy booking,0,0,1,0,0%,0%,60,0
where is palermo in sicily,0,0,1,2,0%,0%,61,27.5
best places to live in sicily,0,0,1,0,0%,0%,65,0
palermo beach hotels,0,0,1,12,0%,0%,65,25.25
town of palermo maine,0,0,1,0,0%,0%,65,0
where is palermo located in italy,0,0,1,0,0%,0%,65,0
vacation palermo italy,0,0,1,0,0%,0%,66,0
cheap hotel palermo,0,0,1,7,0%,0%,67,47.43
cities near palermo,0,0,1,0,0%,0%,67,0
dormire a palermo,0,0,1,0,0%,0%,67,0
hotel en palermo,0,0,1,1,0%,0%,67,73
best places to live in sicily italy,0,0,1,0,0%,0%,68,0
dove alloggiare a palermo,0,0,1,3,0%,0%,68,98.67
where is best to stay in sicily,0,0,1,2,0%,0%,68,56.5
room breakfast zero palermo,0,0,1,0,0%,0%,69,0
best location to stay in sicily,0,0,1,1,0%,0%,71,84
hilton sicily palermo,0,0,1,0,0%,0%,71,0
palermo hotel italy,0,0,1,1,0%,0%,71,46
5 star hotels palermo italy,0,0,1,3,0%,0%,73,70
best hotels in buenos aires palermo,0,0,1,0,0%,0%,73,0
cheap hotel in palermo,0,0,1,5,0%,0%,74,47.2
5 star hotels palermo sicily,0,0,1,6,0%,0%,75,43.33
sicily best places to stay,0,0,1,4,0%,0%,77,76.5
alloggiare a palermo,0,0,1,0,0%,0%,79,0
guesthouse city center,0,0,1,0,0%,0%,79,0
boutique hotels sicily palermo,0,0,1,0,0%,0%,81,0
nightlife palermo,0,0,1,5,0%,0%,82,74.8
vacation rentals palermo sicily,0,0,1,0,0%,0%,82,0
palermo breaks,0,0,1,0,0%,0%,84,0
pick a side and stay there,0,0,1,1,0%,0%,91,82
5 star hotels palermo city centre,0,0,1,0,0%,0%,92,0
palermo italy nightlife,0,0,1,8,0%,0%,93,67.5
is palermo buenos aires safe,0,0,1,2,0%,0%,94,42.5
where can i buy a quality top under £100?,0,0,1,2,0%,0%,96,93
hostels in palermo italy,0,0,1,0,0%,0%,98,0
hotéis de última hora em sicily,0,0,1,0,0%,0%,99,0
باليرمو,0,1,0,2,0%,50%,0,3.5
distancia aeropuerto palermo al centro,0,1,0,1,0%,100%,0,2
ist palermo gefährlich,0,1,0,1,0%,100%,0,3
palerme : activités à découvrir,0,1,0,1,0%,100%,0,4
palermo co zobaczyć,0,1,0,1,0%,100%,0,6
hotel in palermo am meer,0,1,0,1,0%,100%,0,8
escort palerme,0,1,0,1,0%,100%,0,10
palermo city,0,0,0,491,0%,0%,0,11.35
stay palermo,0,0,0,89,0%,0%,0,49.62
palermo travel,0,0,0,82,0%,0%,0,9.68
palemo,0,0,0,72,0%,0%,0,13.43
sicily palermo,0,0,0,58,0%,0%,0,10.66
palermo blog,0,0,0,56,0%,0%,0,7.95
pallermo,0,0,0,53,0%,0%,0,13.32
polermo,0,0,0,52,0%,0%,0,13.69
palermos,0,0,0,42,0%,0%,0,14.33
parlemo,0,0,0,41,0%,0%,0,13.27
this is palermo,0,0,0,36,0%,0%,0,6.83
paloma sicily,0,0,0,31,0%,0%,0,12.23
palermo we,0,0,0,29,0%,0%,0,2.45
palermo travel blog,0,0,0,29,0%,0%,0,7.62
palerno,0,0,0,25,0%,0%,0,13.32
paletmo,0,0,0,25,0%,0%,0,13.44
best hotels palermo guardian,0,0,0,23,0%,0%,0,12.78
palermi,0,0,0,22,0%,0%,0,13.23
palemro,0,0,0,22,0%,0%,0,13.36
palarmo,0,0,0,21,0%,0%,0,13.81
b&b in centro palermo,0,0,0,20,0%,0%,0,10.05
travel to palermo,0,0,0,20,0%,0%,0,11.3
palermo vacation,0,0,0,20,0%,0%,0,11.55
best neighborhoods to stay in palermo italy,0,0,0,18,0%,0%,0,8.67
visit palermo,0,0,0,18,0%,0%,0,10.44
safe places to stay in palermo,0,0,0,17,0%,0%,0,7.24
where is palermo located,0,0,0,16,0%,0%,0,1
palermo.,0,0,0,16,0%,0%,0,12.19
parlermo,0,0,0,15,0%,0%,0,12.8
best areas to stay in sicily 2025,0,0,0,15,0%,0%,0,18.4
palermo hotels near beach,0,0,0,15,0%,0%,0,37.87
best places to stay in sicily italy,0,0,0,15,0%,0%,0,80.27
five star hotels in palermo,0,0,0,14,0%,0%,0,73.64
city of palermo,0,0,0,13,0%,0%,0,12.08
centro storico (old town),0,0,0,12,0%,0%,0,1
plaermo,0,0,0,12,0%,0%,0,12.92
hotel near palermo city center,0,0,0,11,0%,0%,0,10.91
palwrmo,0,0,0,11,0%,0%,0,12.55
boutique hotels in palermo,0,0,0,11,0%,0%,0,25.45
boutique hotels palermo,0,0,0,11,0%,0%,0,27.55
palermo experiences,0,0,0,10,0%,0%,0,6
palermo book,0,0,0,10,0%,0%,0,9.5
paermo,0,0,0,10,0%,0%,0,13.4
luxury hotel palermo italy,0,0,0,10,0%,0%,0,50.6
is palermo,0,0,0,9,0%,0%,0,11.78
palamero,0,0,0,9,0%,0%,0,13.44
palemero,0,0,0,9,0%,0%,0,13.67
polarmo,0,0,0,9,0%,0%,0,13.78
hotels in palermo old town,0,0,0,9,0%,0%,0,15.44
nightlife in palermo italy,0,0,0,9,0%,0%,0,61.67
"what are the best hotel options in palermo, sicily?",0,0,0,8,0%,0%,0,1
palermo gdzie nocować,0,0,0,8,0%,0%,0,3.38
palermo tourism,0,0,0,8,0%,0%,0,10.75
palermo city sicily,0,0,0,8,0%,0%,0,11.38
pelermo,0,0,0,8,0%,0%,0,12.25
plermo,0,0,0,8,0%,0%,0,12.38
balermo,0,0,0,8,0%,0%,0,12.5
accommodation near palermo airport,0,0,0,8,0%,0%,0,22.88
best boutique hotels palermo tripadvisor,0,0,0,7,0%,0%,0,2.29
"best hotels in palermo, italy",0,0,0,7,0%,0%,0,4.14
palermo best neighborhoods to stay,0,0,0,7,0%,0%,0,6.71
palermo welcome,0,0,0,7,0%,0%,0,7.14
safest place to stay in palermo,0,0,0,7,0%,0%,0,7.71
palermo now,0,0,0,7,0%,0%,0,8.14
hotels near palermo train station,0,0,0,7,0%,0%,0,11
best areas to stay in sicily for tourists 2024,0,0,0,7,0%,0%,0,11.14
visit palermo sicily,0,0,0,7,0%,0%,0,12.86
4 star hotel in palermo center with day use,0,0,0,7,0%,0%,0,44.71
cheap hotels in palermo sicily,0,0,0,7,0%,0%,0,66
palermo sicily hotels 5 star,0,0,0,7,0%,0%,0,87.29
palermo.com,0,0,0,6,0%,0%,0,8.33
palermk,0,0,0,6,0%,0%,0,12.5
sicily palmero,0,0,0,6,0%,0%,0,13.17
palermo luxury hotel,0,0,0,6,0%,0%,0,22.83
onde ficar em palermo,0,0,0,6,0%,0%,0,33.83
own hotel palermo,0,0,0,6,0%,0%,0,34.5
hotel sicily palermo,0,0,0,6,0%,0%,0,48
5-star hotels in palermo sicily,0,0,0,6,0%,0%,0,49.5
palermo hotel with day use,0,0,0,6,0%,0%,0,52.17
best area in sicily to stay,0,0,0,6,0%,0%,0,67.33
5 star hotels in sicily palermo,0,0,0,6,0%,0%,0,71.67
spa break palermo,0,0,0,6,0%,0%,0,80.33
best boutique hotels palermo italy tripadvisor,0,0,0,5,0%,0%,0,2
palermo culture,0,0,0,5,0%,0%,0,7.6
palermo tourist map,0,0,0,5,0%,0%,0,7.6
sicilian way,0,0,0,5,0%,0%,0,9
use palermo,0,0,0,5,0%,0%,0,10
palermo visit,0,0,0,5,0%,0%,0,11.4
palermo is,0,0,0,5,0%,0%,0,11.8
palerma city,0,0,0,5,0%,0%,0,12
palerom,0,0,0,5,0%,0%,0,12.8
palermo in sicily,0,0,0,5,0%,0%,0,13.8
palermo otelleri,0,0,0,5,0%,0%,0,18.4
luxury stay palermo,0,0,0,5,0%,0%,0,54.8
palermo resorts sicily,0,0,0,5,0%,0%,0,57.4
cheap hotels palermo,0,0,0,5,0%,0%,0,62.8
best hotels in palermo sicily with parking,0,0,0,4,0%,0%,0,1
hotel vista di mare palermo,0,0,0,4,0%,0%,0,1
where to stay in buenos aires,0,0,0,4,0%,0%,0,1
best hotels palermo tripadvisor,0,0,0,4,0%,0%,0,3
welcome to palermo,0,0,0,4,0%,0%,0,3
politeama/via libertà,0,0,0,4,0%,0%,0,5.25
travel palermo,0,0,0,4,0%,0%,0,6.75
palermo safe neighborhoods,0,0,0,4,0%,0%,0,7
palermo neighborhoods where to stay,0,0,0,4,0%,0%,0,8.75
palermo tips,0,0,0,4,0%,0%,0,8.75
tour guide palermo,0,0,0,4,0%,0%,0,9.75
alma hotel palermo,0,0,0,4,0%,0%,0,10
trip to palermo,0,0,0,4,0%,0%,0,10
"hotels in palermo, sicily near beach",0,0,0,4,0%,0%,0,11
palerml,0,0,0,4,0%,0%,0,11.25
palermo alternative,0,0,0,4,0%,0%,0,11.25
palmermo,0,0,0,4,0%,0%,0,12.25
paleremo,0,0,0,4,0%,0%,0,12.5
paleromo,0,0,0,4,0%,0%,0,12.5
oalermo,0,0,0,4,0%,0%,0,12.75
paler.o,0,0,0,4,0%,0%,0,12.75
palemor,0,0,0,4,0%,0%,0,13
tourist information palermo,0,0,0,4,0%,0%,0,13
plaemo,0,0,0,4,0%,0%,0,13.5
pamerlo,0,0,0,4,0%,0%,0,14
perlamo,0,0,0,4,0%,0%,0,14.25
paleramo,0,0,0,4,0%,0%,0,15.75
palermo place,0,0,0,4,0%,0%,0,17
palermo boutique hotel,0,0,0,4,0%,0%,0,35
hotels at palermo airport,0,0,0,4,0%,0%,0,37.75
hotel palermo booking,0,0,0,4,0%,0%,0,60.5
where should i stay in sicily,0,0,0,4,0%,0%,0,65.5
best town to stay in sicily,0,0,0,4,0%,0%,0,73.5
best hotels in palermo sicily near beach,0,0,0,3,0%,0%,0,1
old town (centro storico),0,0,0,3,0%,0%,0,1
piazza politeama,0,0,0,3,0%,0%,0,1
dzielnice palermo,0,0,0,3,0%,0%,0,2.33
best villas in palermo sicily,0,0,0,3,0%,0%,0,3
boutique hotels palermo tripadvisor,0,0,0,3,0%,0%,0,3
palermo atrakcje,0,0,0,3,0%,0%,0,3
palermo gdzie spać,0,0,0,3,0%,0%,0,3
centro storico palermo map,0,0,0,3,0%,0%,0,5
palermo re,0,0,0,3,0%,0%,0,6.33
meteo palerme,0,0,0,3,0%,0%,0,6.67
kalsa,0,0,0,3,0%,0%,0,7.67
real palermo,0,0,0,3,0%,0%,0,7.67
best neighborhoods to stay in palermo for tourists,0,0,0,3,0%,0%,0,8.33
visit palermo italy,0,0,0,3,0%,0%,0,9
palermo old town hotels,0,0,0,3,0%,0%,0,11
sicilian palermo,0,0,0,3,0%,0%,0,11
travel to palermo italy,0,0,0,3,0%,0%,0,11.67
paleemo,0,0,0,3,0%,0%,0,12
palerm,0,0,0,3,0%,0%,0,12
best hotel palermo italy,0,0,0,3,0%,0%,0,12.33
palermon,0,0,0,3,0%,0%,0,12.33
polmero,0,0,0,3,0%,0%,0,12.33
hotel palermo centro storico,0,0,0,3,0%,0%,0,13
parelmo,0,0,0,3,0%,0%,0,13.33
perlmo,0,0,0,3,0%,0%,0,13.67
papermo,0,0,0,3,0%,0%,0,14
palerrmo,0,0,0,3,0%,0%,0,14.67
pollermo,0,0,0,3,0%,0%,0,14.67
pqlermo,0,0,0,3,0%,0%,0,15
ass drag pro scooters team,0,0,0,3,0%,0%,0,19.67
best hotels in mondello sicily,0,0,0,3,0%,0%,0,27
best boutique hotels palermo,0,0,0,3,0%,0%,0,31
palermo is it safe,0,0,0,3,0%,0%,0,39
zonas de palermo,0,0,0,3,0%,0%,0,39
is palermo nice,0,0,0,3,0%,0%,0,43.33
palermo booking,0,0,0,3,0%,0%,0,44.67
best b&b in palermo sicily,0,0,0,3,0%,0%,0,45
sicily accommodation by area,0,0,0,3,0%,0%,0,48.33
palermo luxury hotels sicily,0,0,0,3,0%,0%,0,62.67
hotel elite palermo sicily,0,0,0,3,0%,0%,0,70.33
romantic holidays palermo,0,0,0,3,0%,0%,0,70.33
best part of sicily to stay,0,0,0,3,0%,0%,0,73.33
theperfectneighbour ass,0,0,0,3,0%,0%,0,79
boutique hotel palermo italy,0,0,0,3,0%,0%,0,90.33
palermo 5 star hotel,0,0,0,3,0%,0%,0,98.33
palermo old town map,0,0,0,2,0%,0%,0,1
palermo sicily apartment,0,0,0,2,0%,0%,0,1
tramonto di oggi,0,0,0,2,0%,0%,0,1
boutique hotel palermo sicily reviews,0,0,0,2,0%,0%,0,1.5
casasur palermo hotel,0,0,0,2,0%,0%,0,2
family apartments in palermo,0,0,0,2,0%,0%,0,2
grand hotel wagner palermo reviews,0,0,0,2,0%,0%,0,2
palermo housing,0,0,0,2,0%,0%,0,2
palermo local guide,0,0,0,2,0%,0%,0,2
hostales en palermo,0,0,0,2,0%,0%,0,3.5
ou loger à palerme,0,0,0,2,0%,0%,0,3.5
palermo news live today,0,0,0,2,0%,0%,0,3.5
vucciria palermo,0,0,0,2,0%,0%,0,3.5
palermo guesthouse,0,0,0,2,0%,0%,0,4
palermo way,0,0,0,2,0%,0%,0,4
погода в палермо,0,0,0,2,0%,0%,0,4
météo palerme,0,0,0,2,0%,0%,0,4.5
palerme meteo,0,0,0,2,0%,0%,0,5
palermo hipster guide,0,0,0,2,0%,0%,0,5
palermo alojamiento,0,0,0,2,0%,0%,0,5.5
el tiempo en palermo,0,0,0,2,0%,0%,0,7
centro storico sicily,0,0,0,2,0%,0%,0,8
palermo centro,0,0,0,2,0%,0%,0,8
palermo i,0,0,0,2,0%,0%,0,8
web palermo,0,0,0,2,0%,0%,0,8
www palermo,0,0,0,2,0%,0%,0,8
city of palermo sicily,0,0,0,2,0%,0%,0,8.5
palermno,0,0,0,2,0%,0%,0,9
palermo (sicily),0,0,0,2,0%,0%,0,9
best hotel palermo old town,0,0,0,2,0%,0%,0,9.5
palermo blog travel,0,0,0,2,0%,0%,0,9.5
palermo sicilia,0,0,0,2,0%,0%,0,9.5
palermo italy guide,0,0,0,2,0%,0%,0,10
time out palermo,0,0,0,2,0%,0%,0,10
hipster palermo,0,0,0,2,0%,0%,0,10.5
palermo cn,0,0,0,2,0%,0%,0,10.5
palermo coty,0,0,0,2,0%,0%,0,10.5
palermo hotel centro storico,0,0,0,2,0%,0%,0,10.5
palermó,0,0,0,2,0%,0%,0,10.5
hotels in polermo sicily,0,0,0,2,0%,0%,0,11
palermo (pa),0,0,0,2,0%,0%,0,11
palermo italy city,0,0,0,2,0%,0%,0,11
palermo italy travel,0,0,0,2,0%,0%,0,11
politeama liberta,0,0,0,2,0%,0%,0,11
town of palermo,0,0,0,2,0%,0%,0,11
travel to palermo sicily,0,0,0,2,0%,0%,0,11
balirmo,0,0,0,2,0%,0%,0,11.5
paiermo,0,0,0,2,0%,0%,0,11.5
palermo italy city overview,0,0,0,2,0%,0%,0,11.5
palermo tourist information,0,0,0,2,0%,0%,0,11.5
the palermo,0,0,0,2,0%,0%,0,11.5
palerko,0,0,0,2,0%,0%,0,12
palermao,0,0,0,2,0%,0%,0,12
palermo sicily city,0,0,0,2,0%,0%,0,12
pamermo,0,0,0,2,0%,0%,0,12
city palermo,0,0,0,2,0%,0%,0,12.5
paelrmo,0,0,0,2,0%,0%,0,12.5
palesmo,0,0,0,2,0%,0%,0,12.5
palomo sicily,0,0,0,2,0%,0%,0,12.5
palrmo,0,0,0,2,0%,0%,0,12.5
palenmo,0,0,0,2,0%,0%,0,13
paler mo,0,0,0,2,0%,0%,0,13
palermor,0,0,0,2,0%,0%,0,13
plarmo,0,0,0,2,0%,0%,0,13
palemaro,0,0,0,2,0%,0%,0,13.5
palermmo,0,0,0,2,0%,0%,0,13.5
palermo?,0,0,0,2,0%,0%,0,13.5
parlerno,0,0,0,2,0%,0%,0,13.5
pakermo,0,0,0,2,0%,0%,0,14
palemeo,0,0,0,2,0%,0%,0,14
perlemo,0,0,0,2,0%,0%,0,14
perlermo,0,0,0,2,0%,0%,0,14
pallermos,0,0,0,2,0%,0%,0,14.5
palremo,0,0,0,2,0%,0%,0,14.5
polermi,0,0,0,2,0%,0%,0,15
palaremo,0,0,0,2,0%,0%,0,15.5
pelmero,0,0,0,2,0%,0%,0,15.5
"""best places to stay"" sicily 2025 or 2026",0,0,0,2,0%,0%,0,18
hotell palermo,0,0,0,2,0%,0%,0,18
palermo safe,0,0,0,2,0%,0%,0,18
is palermo a good place to live,0,0,0,2,0%,0%,0,20
booking palermo,0,0,0,2,0%,0%,0,21
hotels palermo sicily italy,0,0,0,2,0%,0%,0,23
palermo downtown,0,0,0,2,0%,0%,0,27.5
palermo booking com,0,0,0,2,0%,0%,0,28
top hotel palermo,0,0,0,2,0%,0%,0,28
what areas,0,0,0,2,0%,0%,0,29
beach hotels in palermo,0,0,0,2,0%,0%,0,29.5
where is palermo in italy,0,0,0,2,0%,0%,0,29.5
one night in palermo game,0,0,0,2,0%,0%,0,34.5
hotels in palermo with pool,0,0,0,2,0%,0%,0,36
airbnb sicily palermo,0,0,0,2,0%,0%,0,39
blog palermo,0,0,0,2,0%,0%,0,44.5
zona migliore dove dormire a palermo,0,0,0,2,0%,0%,0,44.5
how dangerous is palermo,0,0,0,2,0%,0%,0,48
closest hotel to palermo airport,0,0,0,2,0%,0%,0,50
palermo cheap hotel,0,0,0,2,0%,0%,0,50.5
cheap hotels palermo sicily,0,0,0,2,0%,0%,0,58
b&b palermo sicily,0,0,0,2,0%,0%,0,59.5
palermo hotels luxury,0,0,0,2,0%,0%,0,65.5
hotel with pool palermo,0,0,0,2,0%,0%,0,66.5
best place to stay on sicily,0,0,0,2,0%,0%,0,69
รถเช่าแถว ลองบีช station,0,0,0,2,0%,0%,0,70
where to stay sicily italy,0,0,0,2,0%,0%,0,75
luxury palermo hotels,0,0,0,2,0%,0%,0,75.5
palermo boutique hotels sicily,0,0,0,2,0%,0%,0,78.5
bed and breakfast palermo italy,0,0,0,2,0%,0%,0,79.5
dove alloggiare a palermo centro,0,0,0,2,0%,0%,0,85
hotels near mondello beach sicily,0,0,0,2,0%,0%,0,85
palermo city breaks,0,0,0,2,0%,0%,0,87
family holidays palermo,0,0,0,2,0%,0%,0,91
addaura,0,0,0,1,0%,0%,0,1
"are there houses available for lodging in palermo, sicily, italy?",0,0,0,1,0%,0%,0,1
balarm palermo,0,0,0,1,0%,0%,0,1
best area in buenos aires to stay,0,0,0,1,0%,0%,0,1
best area to stay in rome for first time visitor,0,0,0,1,0%,0%,0,1
best hotels in palermo city center luxury,0,0,0,1,0%,0%,0,1
best hotels in palermo italy with parking,0,0,0,1,0%,0%,0,1
best hotels in palermo sicily italy,0,0,0,1,0%,0%,0,1
cheap monthly rentals palermo sicily,0,0,0,1,0%,0%,0,1
danisinni,0,0,0,1,0%,0%,0,1
districts of palermo,0,0,0,1,0%,0%,0,1
"furnished long term rentals in palermo, italy",0,0,0,1,0%,0%,0,1
hostal palermo,0,0,0,1,0%,0%,0,1
hotel orientale palermo,0,0,0,1,0%,0%,0,1
hotel rex palermo,0,0,0,1,0%,0%,0,1
hvor skal man bo i palermo,0,0,0,1,0%,0%,0,1
is cefalu a good place to stay,0,0,0,1,0%,0%,0,1
nido at palermo soho square,0,0,0,1,0%,0%,0,1
palamo city,0,0,0,1,0%,0%,0,1
palermo best western,0,0,0,1,0%,0%,0,1
palermo hotels near airport jet2,0,0,0,1,0%,0%,0,1
palermo living unique rooms,0,0,0,1,0%,0%,0,1
palermo villas,0,0,0,1,0%,0%,0,1
palermo villas to rent with private pool,0,0,0,1,0%,0%,0,1
palermo ztl,0,0,0,1,0%,0%,0,1
per dormire palermo,0,0,0,1,0%,0%,0,1
politeama libertà palermo,0,0,0,1,0%,0%,0,1
safe neighborhoods in paris for tourists,0,0,0,1,0%,0%,0,1
santa cecilia palermo,0,0,0,1,0%,0%,0,1
testaccio,0,0,0,1,0%,0%,0,1
via maqueda palermo,0,0,0,1,0%,0%,0,1
villa palermo,0,0,0,1,0%,0%,0,1
villas in palermo sicily for rent,0,0,0,1,0%,0%,0,1
where is the centre of palermo,0,0,0,1,0%,0%,0,1
bares en palermo,0,0,0,1,0%,0%,0,2
barrios de palermo mapa,0,0,0,1,0%,0%,0,2
"barrios peligrosos palermo, sicilia",0,0,0,1,0%,0%,0,2
comida típica de palermo,0,0,0,1,0%,0%,0,2
cosa nostra,0,0,0,1,0%,0%,0,2
czy w palermo jest bezpiecznie,0,0,0,1,0%,0%,0,2
dzielnica zen palermo mapa,0,0,0,1,0%,0%,0,2
dzielnice palermo mapa,0,0,0,1,0%,0%,0,2
e palermo,0,0,0,1,0%,0%,0,2
gdzie nocować w palermo,0,0,0,1,0%,0%,0,2
hotel palma palermo,0,0,0,1,0%,0%,0,2
is palermo worth visiting,0,0,0,1,0%,0%,0,2
mondello palermo hotels,0,0,0,1,0%,0%,0,2
monreale a palermo,0,0,0,1,0%,0%,0,2
palazzo adriano palermo,0,0,0,1,0%,0%,0,2
palermo albergheria,0,0,0,1,0%,0%,0,2
palermo central to bed,0,0,0,1,0%,0%,0,2
palermo chico,0,0,0,1,0%,0%,0,2
palermo czy bari,0,0,0,1,0%,0%,0,2
palermo hotels 5 star tripadvisor,0,0,0,1,0%,0%,0,2
palermo komunikacja miejska,0,0,0,1,0%,0%,0,2
palermo limited traffic zone,0,0,0,1,0%,0%,0,2
palermo metro,0,0,0,1,0%,0%,0,2
palermo sizilien,0,0,0,1,0%,0%,0,2
palermo temperatury w styczniu,0,0,0,1,0%,0%,0,2
palermo z czego słynie,0,0,0,1,0%,0%,0,2
rosalia lombardo,0,0,0,1,0%,0%,0,2
sycylia palermo czy katania,0,0,0,1,0%,0%,0,2
terrasini,0,0,0,1,0%,0%,0,2
unwetter in palermo heute,0,0,0,1,0%,0%,0,2
villa d'amato palermo,0,0,0,1,0%,0%,0,2
villa in palermo,0,0,0,1,0%,0%,0,2
appartement palerme,0,0,0,1,0%,0%,0,3
best boutique hotels palermo sicily tripadvisor,0,0,0,1,0%,0%,0,3
bitte auf der karte zeigen,0,0,0,1,0%,0%,0,3
booking palermo sicilia,0,0,0,1,0%,0%,0,3
capo gallo palermo,0,0,0,1,0%,0%,0,3
casa di giulia palermo,0,0,0,1,0%,0%,0,3
casa sur palermo,0,0,0,1,0%,0%,0,3
chapelle palatine palerme,0,0,0,1,0%,0%,0,3
co zobaczyć w palermo,0,0,0,1,0%,0%,0,3
czy palermo jest bezpieczne,0,0,0,1,0%,0%,0,3
en italia,0,0,0,1,0%,0%,0,3
iam palermo,0,0,0,1,0%,0%,0,3
immobilier palerme,0,0,0,1,0%,0%,0,3
kalsa neighborhood palermo,0,0,0,1,0%,0%,0,3
lugares para visitar en palermo gratis,0,0,0,1,0%,0%,0,3
mapa barrio palermo buenos aires,0,0,0,1,0%,0%,0,3
nico barcellona,0,0,0,1,0%,0%,0,3
noclegi w palermo,0,0,0,1,0%,0%,0,3
palermo de buenos aires,0,0,0,1,0%,0%,0,3
palermo free parking map,0,0,0,1,0%,0%,0,3
palermo hoeveel dagen,0,0,0,1,0%,0%,0,3
palermo niebezpieczne dzielnice,0,0,0,1,0%,0%,0,3
palermo sur,0,0,0,1,0%,0%,0,3
palermo sycylia,0,0,0,1,0%,0%,0,3
palermo zdjęcia,0,0,0,1,0%,0%,0,3
politeama apartments,0,0,0,1,0%,0%,0,3
que ver en palermo buenos aires,0,0,0,1,0%,0%,0,3
que ver en palermo y alrededores,0,0,0,1,0%,0%,0,3
reiseführer palermo,0,0,0,1,0%,0%,0,3
seaview apartments palermo,0,0,0,1,0%,0%,0,3
urlaub auf sizilien gefährlich,0,0,0,1,0%,0%,0,3
visa karta,0,0,0,1,0%,0%,0,3
www.palermo,0,0,0,1,0%,0%,0,3
город палермо,0,0,0,1,0%,0%,0,3
палермо италия,0,0,0,1,0%,0%,0,3
باليرمو ايطاليا,0,0,0,1,0%,0%,0,3
b&b hotel palermo quattro canti location,0,0,0,1,0%,0%,0,4
best area to stay in sicily for couples,0,0,0,1,0%,0%,0,4
blogpalermo,0,0,0,1,0%,0%,0,4
booking palermo italy,0,0,0,1,0%,0%,0,4
carte palerme,0,0,0,1,0%,0%,0,4
dove conviene palermo,0,0,0,1,0%,0%,0,4
experience palermo,0,0,0,1,0%,0%,0,4
hotel patria palermo,0,0,0,1,0%,0%,0,4
katakumby w palermo,0,0,0,1,0%,0%,0,4
katedra palermo,0,0,0,1,0%,0%,0,4
luxury villas in palermo,0,0,0,1,0%,0%,0,4
mapa de palermo italia,0,0,0,1,0%,0%,0,4
mapa palermo italia,0,0,0,1,0%,0%,0,4
palermo caba,0,0,0,1,0%,0%,0,4
palermo ciudad,0,0,0,1,0%,0%,0,4
palermo co warto zobaczyć,0,0,0,1,0%,0%,0,4
palermo en dos dias,0,0,0,1,0%,0%,0,4
parrillas en palermo,0,0,0,1,0%,0%,0,4
sant elia palermo,0,0,0,1,0%,0%,0,4
student accommodation palermo,0,0,0,1,0%,0%,0,4
via maqueda palerme,0,0,0,1,0%,0%,0,4
weersverwachting palermo,0,0,0,1,0%,0%,0,4
купить квартиру в палермо,0,0,0,1,0%,0%,0,4
at palermo,0,0,0,1,0%,0%,0,5
best hotels palermo condé nast,0,0,0,1,0%,0%,0,5
city guide,0,0,0,1,0%,0%,0,5
hoteles en palermo,0,0,0,1,0%,0%,0,5
mapa palermo buenos aires,0,0,0,1,0%,0%,0,5
neighborhoods in palermo,0,0,0,1,0%,0%,0,5
palermo centrale,0,0,0,1,0%,0%,0,5
pub accommodation near me,0,0,0,1,0%,0%,0,5
restaurantes palermo,0,0,0,1,0%,0%,0,5
stay near me,0,0,0,1,0%,0%,0,5
sycylia palermo,0,0,0,1,0%,0%,0,5
via arimondi palermo,0,0,0,1,0%,0%,0,5
villa igea palermo,0,0,0,1,0%,0%,0,5
best areas to stay in palermo for tourists,0,0,0,1,0%,0%,0,6
co warto zobaczyc w palermo,0,0,0,1,0%,0%,0,6
météo palerme 30 jours,0,0,0,1,0%,0%,0,6
okolice palermo co zobaczyć,0,0,0,1,0%,0%,0,6
palermo family holiday,0,0,0,1,0%,0%,0,6
palermo siciliy,0,0,0,1,0%,0%,0,6
weather in palermo italy,0,0,0,1,0%,0%,0,6
which area,0,0,0,1,0%,0%,0,6
достопримечательности палермо,0,0,0,1,0%,0%,0,6
best neighborhoods to stay in palermo italy for tourists,0,0,0,1,0%,0%,0,7
hôtels à palerme,0,0,0,1,0%,0%,0,7
maison a vendre a palerme,0,0,0,1,0%,0%,0,7
palermo hipster,0,0,0,1,0%,0%,0,7
palermo houses for rent,0,0,0,1,0%,0%,0,7
palermo que ver,0,0,0,1,0%,0%,0,7
palermo tourist map pdf,0,0,0,1,0%,0%,0,7
palermo unterkunft günstig,0,0,0,1,0%,0%,0,7
palermo web,0,0,0,1,0%,0%,0,7
palermox,0,0,0,1,0%,0%,0,7
albergheria,0,0,0,1,0%,0%,0,8
castellammare,0,0,0,1,0%,0%,0,8
hotel palerme,0,0,0,1,0%,0%,0,8
hotels near palermo soho,0,0,0,1,0%,0%,0,8
it palermo,0,0,0,1,0%,0%,0,8
palermo ciry,0,0,0,1,0%,0%,0,8
palermo neighborhoods map,0,0,0,1,0%,0%,0,8
palermo region,0,0,0,1,0%,0%,0,8
palermo travel tips,0,0,0,1,0%,0%,0,8
palermz,0,0,0,1,0%,0%,0,8
what is a palermo,0,0,0,1,0%,0%,0,8
best stay near me,0,0,0,1,0%,0%,0,9
makłowicz palermo,0,0,0,1,0%,0%,0,9
palermo booklet,0,0,0,1,0%,0%,0,9
palermo neighborhoods,0,0,0,1,0%,0%,0,9
palermo news today,0,0,0,1,0%,0%,0,9
palermo weekend break,0,0,0,1,0%,0%,0,9
palermoblog,0,0,0,1,0%,0%,0,9
palmro,0,0,0,1,0%,0%,0,9
to do palermo,0,0,0,1,0%,0%,0,9
centro storico,0,0,0,1,0%,0%,0,10
culture trip palermo,0,0,0,1,0%,0%,0,10
hotel.palermo,0,0,0,1,0%,0%,0,10
luxury girl anal,0,0,0,1,0%,0%,0,10
palelmo,0,0,0,1,0%,0%,0,10
palermo adult hotel,0,0,0,1,0%,0%,0,10
palermo cicily,0,0,0,1,0%,0%,0,10
palermo locations,0,0,0,1,0%,0%,0,10
palermo scicily,0,0,0,1,0%,0%,0,10
paleroma,0,0,0,1,0%,0%,0,10
palimero,0,0,0,1,0%,0%,0,10
ponticello apartments palermo,0,0,0,1,0%,0%,0,10
top places to stay in sicily broke backpacker,0,0,0,1,0%,0%,0,10
παλερμο,0,0,0,1,0%,0%,0,10
areas to stay,0,0,0,1,0%,0%,0,11
best places to stay in sicily broke backpacker,0,0,0,1,0%,0%,0,11
most conquered city in the world,0,0,0,1,0%,0%,0,11
near palermo,0,0,0,1,0%,0%,0,11
palaermo,0,0,0,1,0%,0%,0,11
palearmo,0,0,0,1,0%,0%,0,11
palermo is where,0,0,0,1,0%,0%,0,11
palermo sciliy,0,0,0,1,0%,0%,0,11
palermo sicily travel,0,0,0,1,0%,0%,0,11
palermo tourist,0,0,0,1,0%,0%,0,11
palermo trips,0,0,0,1,0%,0%,0,11
sicilya palermo,0,0,0,1,0%,0%,0,11
帕拉莫,0,0,0,1,0%,0%,0,11
3 star hotels in palermo,0,0,0,1,0%,0%,0,12
best place to stay near palermo for couples,0,0,0,1,0%,0%,0,12
en donde esta palermo,0,0,0,1,0%,0%,0,12
hotel near immigration department,0,0,0,1,0%,0%,0,12
lalermo,0,0,0,1,0%,0%,0,12
lpalermo,0,0,0,1,0%,0%,0,12
luxury hotels in palermo city center with parking,0,0,0,1,0%,0%,0,12
palermo beste hotels,0,0,0,1,0%,0%,0,12
palermo city center hotels,0,0,0,1,0%,0%,0,12
palermo site,0,0,0,1,0%,0%,0,12
"palermo, italy hotels on the beach",0,0,0,1,0%,0%,0,12
palmero,0,0,0,1,0%,0%,0,12
paloma city italy,0,0,0,1,0%,0%,0,12
plalermo,0,0,0,1,0%,0%,0,12
time out best places to stay in sicily 2024,0,0,0,1,0%,0%,0,12
unusual things to do in palermo,0,0,0,1,0%,0%,0,12
سعر تذكرة مركز شباب الجزيرة 2025,0,0,0,1,0%,0%,0,12
palarma,0,0,0,1,0%,0%,0,13
palazzo balsamo,0,0,0,1,0%,0%,0,13
paleermo,0,0,0,1,0%,0%,0,13
palermio,0,0,0,1,0%,0%,0,13
palermo puglisi bertolino,0,0,0,1,0%,0%,0,13
palermo sicilly,0,0,0,1,0%,0%,0,13
palermoi,0,0,0,1,0%,0%,0,13
plaerom,0,0,0,1,0%,0%,0,13
pulermo,0,0,0,1,0%,0%,0,13
rooms near me for stay,0,0,0,1,0%,0%,0,13
sicilia palermo,0,0,0,1,0%,0%,0,13
where is palermo?,0,0,0,1,0%,0%,0,13
зфдукьщ,0,0,0,1,0%,0%,0,13
hotel wagner palermo,0,0,0,1,0%,0%,0,14
hotels palermo city centre,0,0,0,1,0%,0%,0,14
palemk,0,0,0,1,0%,0%,0,14
palerdo,0,0,0,1,0%,0%,0,14
palermo map tourist,0,0,0,1,0%,0%,0,14
palermoù,0,0,0,1,0%,0%,0,14
palerro,0,0,0,1,0%,0%,0,14
panermo,0,0,0,1,0%,0%,0,14
parlmo,0,0,0,1,0%,0%,0,14
paöermo,0,0,0,1,0%,0%,0,14
polerma,0,0,0,1,0%,0%,0,14
upalermo,0,0,0,1,0%,0%,0,14
palerm9,0,0,0,1,0%,0%,0,15
"palermo,",0,0,0,1,0%,0%,0,15
pallerno,0,0,0,1,0%,0%,0,15
pelermos,0,0,0,1,0%,0%,0,15
pelrmo,0,0,0,1,0%,0%,0,15
top areas to stay in sicily 2025,0,0,0,1,0%,0%,0,15
tourist info palermo,0,0,0,1,0%,0%,0,15
luxury palermo,0,0,0,1,0%,0%,0,16
palermeo,0,0,0,1,0%,0%,0,16
palermo ?,0,0,0,1,0%,0%,0,16
paletmi,0,0,0,1,0%,0%,0,16
palormo,0,0,0,1,0%,0%,0,16
pelarmo,0,0,0,1,0%,0%,0,16
pelerma,0,0,0,1,0%,0%,0,16
plamero,0,0,0,1,0%,0%,0,16
hotel via maqueda palermo,0,0,0,1,0%,0%,0,17
parlerm,0,0,0,1,0%,0%,0,17
beach hotels in palermo sicily,0,0,0,1,0%,0%,0,18
palermo b&b sicily,0,0,0,1,0%,0%,0,18
top hotels in palermo buenos aires,0,0,0,1,0%,0%,0,18
we the people palermo,0,0,0,1,0%,0%,0,18
palermo hotell,0,0,0,1,0%,0%,0,19
palermo neighborhood,0,0,0,1,0%,0%,0,20
palermo holiday rental,0,0,0,1,0%,0%,0,22
luxury hotels in palermo city center,0,0,0,1,0%,0%,0,24
wanderlust palermo,0,0,0,1,0%,0%,0,24
bed and breakfast palermo sicily,0,0,0,1,0%,0%,0,25
palermo five star hotels,0,0,0,1,0%,0%,0,25
holiday rentals palermo coast,0,0,0,1,0%,0%,0,27
5 star hotel palermo sicily,0,0,0,1,0%,0%,0,30
best luxury hotels palermo,0,0,0,1,0%,0%,0,30
centro histórico de palermo,0,0,0,1,0%,0%,0,33
sicilya da nerede kalınır,0,0,0,1,0%,0%,0,37
cazare palermo,0,0,0,1,0%,0%,0,38
migliori hotel palermo,0,0,0,1,0%,0%,0,38
paradise room fotos,0,0,0,1,0%,0%,0,40
hotel with shopping marina di butera,0,0,0,1,0%,0%,0,42
best region to stay in sicily,0,0,0,1,0%,0%,0,43
historic center apartment,0,0,0,1,0%,0%,0,43
nico ratz,0,0,0,1,0%,0%,0,43
site:wearepalermo.com,0,0,0,1,0%,0%,0,43
top picks stay,0,0,0,1,0%,0%,0,43
top notch shoes get the most not the less meaning,0,0,0,1,0%,0%,0,44